ref_area,indicator,source,classif1,classif2,time,obs_value,note_indicator,note_source
ARM,FOW_TVOL_AGE_VOL_RT,BA:867,AGE_AGGREGATE_TOTAL,VOL_TYPE_TOTAL,2019,10.7,I33:5717,S16:5840
ARM,FOW_TVOL_AGE_VOL_RT,BA:867,AGE_AGGREGATE_Y15-24,VOL_TYPE_TOTAL,2019,8.1,I33:5717,S16:5840
ARM,FOW_TVOL_AGE_VOL_RT,BA:867,AGE_AGGREGATE_Y25-64,VOL_TYPE_TOTAL,2019,12.4,I33:5717,S16:5840
ARM,FOW_TVOL_AGE_VOL_RT,BA:867,AGE_AGGREGATE_YGE65,VOL_TYPE_TOTAL,2019,5.7,I33:5717,S16:5840
ARM,FOW_TVOL_AGE_VOL_RT,BA:867,AGE_AGGREGATE_TOTAL,VOL_TYPE_TOTAL,2018,10.2,I33:5717,S16:5840
ARM,FOW_TVOL_AGE_VOL_RT,BA:867,AGE_AGGREGATE_Y15-24,VOL_TYPE_TOTAL,2018,8.4,I33:5717,S16:5840
ARM,FOW_TVOL_AGE_VOL_RT,BA:867,AGE_AGGREGATE_Y25-64,VOL_TYPE_TOTAL,2018,11.6,I33:5717,S16:5840
ARM,FOW_TVOL_AGE_VOL_RT,BA:867,AGE_AGGREGATE_YGE65,VOL_TYPE_TOTAL,2018,5.3,I33:5717,S16:5840
AUS,FOW_TVOL_AGE_VOL_RT,AA:876,AGE_AGGREGATE_TOTAL,VOL_TYPE_ORG,2016,19,I33:5716,S16:5832
AUS,FOW_TVOL_AGE_VOL_RT,AA:876,AGE_AGGREGATE_Y15-24,VOL_TYPE_ORG,2016,18.5,I33:5716,S16:5832
AUS,FOW_TVOL_AGE_VOL_RT,AA:876,AGE_AGGREGATE_Y25-64,VOL_TYPE_ORG,2016,19.4,I33:5716,S16:5832
AUS,FOW_TVOL_AGE_VOL_RT,AA:876,AGE_AGGREGATE_YGE65,VOL_TYPE_ORG,2016,18.2,I33:5716,S16:5832
AUT,FOW_TVOL_AGE_VOL_RT,BB:275,AGE_AGGREGATE_TOTAL,VOL_TYPE_ORG,2015,28.3,,S16:5832_T2:85
AUT,FOW_TVOL_AGE_VOL_RT,BB:275,AGE_AGGREGATE_TOTAL,VOL_TYPE_DIRECT,2015,28.3,,S16:5832_T2:85
AUT,FOW_TVOL_AGE_VOL_RT,BB:275,AGE_AGGREGATE_Y15-24,VOL_TYPE_ORG,2015,31.5,,S16:5832_T2:85
AUT,FOW_TVOL_AGE_VOL_RT,BB:275,AGE_AGGREGATE_Y15-24,VOL_TYPE_DIRECT,2015,28.6,,S16:5832_T2:85
AUT,FOW_TVOL_AGE_VOL_RT,BB:275,AGE_AGGREGATE_Y25-64,VOL_TYPE_ORG,2015,30.1,,S16:5832_T2:85
AUT,FOW_TVOL_AGE_VOL_RT,BB:275,AGE_AGGREGATE_Y25-64,VOL_TYPE_DIRECT,2015,29.8,,S16:5832_T2:85
AUT,FOW_TVOL_AGE_VOL_RT,BB:275,AGE_AGGREGATE_YGE65,VOL_TYPE_ORG,2015,20.8,,S16:5832_T2:85
AUT,FOW_TVOL_AGE_VOL_RT,BB:275,AGE_AGGREGATE_YGE65,VOL_TYPE_DIRECT,2015,23.3,,S16:5832_T2:85
BEL,FOW_TVOL_AGE_VOL_RT,BB:276,AGE_AGGREGATE_TOTAL,VOL_TYPE_ORG,2015,20.4,,S16:5832_T2:85
BEL,FOW_TVOL_AGE_VOL_RT,BB:276,AGE_AGGREGATE_TOTAL,VOL_TYPE_DIRECT,2015,20.8,,S16:5832_T2:85
BEL,FOW_TVOL_AGE_VOL_RT,BB:276,AGE_AGGREGATE_Y15-24,VOL_TYPE_ORG,2015,20.3,,S16:5832_T2:85
BEL,FOW_TVOL_AGE_VOL_RT,BB:276,AGE_AGGREGATE_Y15-24,VOL_TYPE_DIRECT,2015,17.3,,S16:5832_T2:85
BEL,FOW_TVOL_AGE_VOL_RT,BB:276,AGE_AGGREGATE_Y25-64,VOL_TYPE_ORG,2015,20.9,,S16:5832_T2:85
BEL,FOW_TVOL_AGE_VOL_RT,BB:276,AGE_AGGREGATE_Y25-64,VOL_TYPE_DIRECT,2015,21.5,,S16:5832_T2:85
BEL,FOW_TVOL_AGE_VOL_RT,BB:276,AGE_AGGREGATE_YGE65,VOL_TYPE_ORG,2015,18.8,,S16:5832_T2:85
BEL,FOW_TVOL_AGE_VOL_RT,BB:276,AGE_AGGREGATE_YGE65,VOL_TYPE_DIRECT,2015,20.9,,S16:5832_T2:85
BGR,FOW_TVOL_AGE_VOL_RT,BB:3058,AGE_AGGREGATE_TOTAL,VOL_TYPE_ORG,2015,5.2,,S16:5832_T2:85
BGR,FOW_TVOL_AGE_VOL_RT,BB:3058,AGE_AGGREGATE_TOTAL,VOL_TYPE_DIRECT,2015,6.3,,S16:5832_T2:85
BGR,FOW_TVOL_AGE_VOL_RT,BB:3058,AGE_AGGREGATE_Y15-24,VOL_TYPE_ORG,2015,6.1,,S16:5832_T2:85
BGR,FOW_TVOL_AGE_VOL_RT,BB:3058,AGE_AGGREGATE_Y15-24,VOL_TYPE_DIRECT,2015,8.2,,S16:5832_T2:85
BGR,FOW_TVOL_AGE_VOL_RT,BB:3058,AGE_AGGREGATE_Y25-64,VOL_TYPE_ORG,2015,5.9,,S16:5832_T2:85
BGR,FOW_TVOL_AGE_VOL_RT,BB:3058,AGE_AGGREGATE_Y25-64,VOL_TYPE_DIRECT,2015,7.1,,S16:5832_T2:85
BGR,FOW_TVOL_AGE_VOL_RT,BB:3058,AGE_AGGREGATE_YGE65,VOL_TYPE_ORG,2015,3,,S16:5832_T2:85
BGR,FOW_TVOL_AGE_VOL_RT,BB:3058,AGE_AGGREGATE_YGE65,VOL_TYPE_DIRECT,2015,3.3,,S16:5832_T2:85
CAN,FOW_TVOL_AGE_VOL_RT,BX:15662,AGE_AGGREGATE_TOTAL,VOL_TYPE_TOTAL,2018,79.4,,S16:5832
CAN,FOW_TVOL_AGE_VOL_RT,BX:15662,AGE_AGGREGATE_TOTAL,VOL_TYPE_ORG,2018,41.1,,S16:5832
CAN,FOW_TVOL_AGE_VOL_RT,BX:15662,AGE_AGGREGATE_TOTAL,VOL_TYPE_DIRECT,2018,73.6,,S16:5832
CAN,FOW_TVOL_AGE_VOL_RT,BX:15662,AGE_AGGREGATE_Y15-24,VOL_TYPE_TOTAL,2018,79.4,,S16:5832
CAN,FOW_TVOL_AGE_VOL_RT,BX:15662,AGE_AGGREGATE_Y15-24,VOL_TYPE_ORG,2018,52.3,,S16:5832
CAN,FOW_TVOL_AGE_VOL_RT,BX:15662,AGE_AGGREGATE_Y15-24,VOL_TYPE_DIRECT,2018,76.2,,S16:5832
CAN,FOW_TVOL_AGE_VOL_RT,BX:15662,AGE_AGGREGATE_Y25-64,VOL_TYPE_TOTAL,2018,80.9,,S16:5832
CAN,FOW_TVOL_AGE_VOL_RT,BX:15662,AGE_AGGREGATE_Y25-64,VOL_TYPE_ORG,2018,40.3,,S16:5832
CAN,FOW_TVOL_AGE_VOL_RT,BX:15662,AGE_AGGREGATE_Y25-64,VOL_TYPE_DIRECT,2018,75.6,,S16:5832
CAN,FOW_TVOL_AGE_VOL_RT,BX:15662,AGE_AGGREGATE_YGE65,VOL_TYPE_TOTAL,2018,69.7,,S16:5832
CAN,FOW_TVOL_AGE_VOL_RT,BX:15662,AGE_AGGREGATE_YGE65,VOL_TYPE_ORG,2018,35.5,,S16:5832
CAN,FOW_TVOL_AGE_VOL_RT,BX:15662,AGE_AGGREGATE_YGE65,VOL_TYPE_DIRECT,2018,64.8,,S16:5832
CAN,FOW_TVOL_AGE_VOL_RT,BX:15662,AGE_AGGREGATE_TOTAL,VOL_TYPE_ORG,2013,44,,S16:5832
CAN,FOW_TVOL_AGE_VOL_RT,BX:15662,AGE_AGGREGATE_TOTAL,VOL_TYPE_DIRECT,2013,82,,S16:5832
CAN,FOW_TVOL_AGE_VOL_RT,BX:15662,AGE_AGGREGATE_Y15-24,VOL_TYPE_ORG,2013,53,,S16:5832
CAN,FOW_TVOL_AGE_VOL_RT,BX:15662,AGE_AGGREGATE_Y15-24,VOL_TYPE_DIRECT,2013,89,,S16:5832
CAN,FOW_TVOL_AGE_VOL_RT,BX:15662,AGE_AGGREGATE_Y25-64,VOL_TYPE_ORG,2013,45,,S16:5832
CAN,FOW_TVOL_AGE_VOL_RT,BX:15662,AGE_AGGREGATE_Y25-64,VOL_TYPE_DIRECT,2013,85,,S16:5832
CAN,FOW_TVOL_AGE_VOL_RT,BX:15662,AGE_AGGREGATE_YGE65,VOL_TYPE_ORG,2013,33,,S16:5832
CAN,FOW_TVOL_AGE_VOL_RT,BX:15662,AGE_AGGREGATE_YGE65,VOL_TYPE_DIRECT,2013,67,,S16:5832
CAN,FOW_TVOL_AGE_VOL_RT,BX:15662,AGE_AGGREGATE_TOTAL,VOL_TYPE_ORG,2010,47,,S16:5832
CAN,FOW_TVOL_AGE_VOL_RT,BX:15662,AGE_AGGREGATE_TOTAL,VOL_TYPE_DIRECT,2010,83,,S16:5832
CAN,FOW_TVOL_AGE_VOL_RT,BX:15662,AGE_AGGREGATE_Y15-24,VOL_TYPE_ORG,2010,58,,S16:5832
CAN,FOW_TVOL_AGE_VOL_RT,BX:15662,AGE_AGGREGATE_Y15-24,VOL_TYPE_DIRECT,2010,87,,S16:5832
CAN,FOW_TVOL_AGE_VOL_RT,BX:15662,AGE_AGGREGATE_Y25-64,VOL_TYPE_ORG,2010,47,,S16:5832
CAN,FOW_TVOL_AGE_VOL_RT,BX:15662,AGE_AGGREGATE_Y25-64,VOL_TYPE_DIRECT,2010,85,,S16:5832
CAN,FOW_TVOL_AGE_VOL_RT,BX:15662,AGE_AGGREGATE_YGE65,VOL_TYPE_ORG,2010,36,,S16:5832
CAN,FOW_TVOL_AGE_VOL_RT,BX:15662,AGE_AGGREGATE_YGE65,VOL_TYPE_DIRECT,2010,71,,S16:5832
CHE,FOW_TVOL_AGE_VOL_RT,BA:253,AGE_AGGREGATE_TOTAL,VOL_TYPE_TOTAL,2020,41,,S16:5837
CHE,FOW_TVOL_AGE_VOL_RT,BA:253,AGE_AGGREGATE_TOTAL,VOL_TYPE_ORG,2020,15.9,,S16:5837
CHE,FOW_TVOL_AGE_VOL_RT,BA:253,AGE_AGGREGATE_TOTAL,VOL_TYPE_DIRECT,2020,35,,S16:5837
CHE,FOW_TVOL_AGE_VOL_RT,BA:253,AGE_AGGREGATE_Y15-24,VOL_TYPE_TOTAL,2020,37,,S16:5837
CHE,FOW_TVOL_AGE_VOL_RT,BA:253,AGE_AGGREGATE_Y15-24,VOL_TYPE_ORG,2020,16.6,,S16:5837
CHE,FOW_TVOL_AGE_VOL_RT,BA:253,AGE_AGGREGATE_Y15-24,VOL_TYPE_DIRECT,2020,26,,S16:5837
CHE,FOW_TVOL_AGE_VOL_RT,BA:253,AGE_AGGREGATE_Y25-64,VOL_TYPE_TOTAL,2020,43.7,,S16:5837
CHE,FOW_TVOL_AGE_VOL_RT,BA:253,AGE_AGGREGATE_Y25-64,VOL_TYPE_ORG,2020,16.7,,S16:5837
CHE,FOW_TVOL_AGE_VOL_RT,BA:253,AGE_AGGREGATE_Y25-64,VOL_TYPE_DIRECT,2020,34.9,,S16:5837
CHE,FOW_TVOL_AGE_VOL_RT,BA:253,AGE_AGGREGATE_YGE65,VOL_TYPE_TOTAL,2020,35.1,,S16:5837
CHE,FOW_TVOL_AGE_VOL_RT,BA:253,AGE_AGGREGATE_YGE65,VOL_TYPE_ORG,2020,13.2,,S16:5837
CHE,FOW_TVOL_AGE_VOL_RT,BA:253,AGE_AGGREGATE_YGE65,VOL_TYPE_DIRECT,2020,28.9,,S16:5837
CHE,FOW_TVOL_AGE_VOL_RT,BA:253,AGE_AGGREGATE_TOTAL,VOL_TYPE_TOTAL,2016,42.7,,S16:5837
CHE,FOW_TVOL_AGE_VOL_RT,BA:253,AGE_AGGREGATE_TOTAL,VOL_TYPE_ORG,2016,19.5,,S16:5837
CHE,FOW_TVOL_AGE_VOL_RT,BA:253,AGE_AGGREGATE_TOTAL,VOL_TYPE_DIRECT,2016,31.7,,S16:5837
CHE,FOW_TVOL_AGE_VOL_RT,BA:253,AGE_AGGREGATE_Y15-24,VOL_TYPE_TOTAL,2016,38.7,,S16:5837
CHE,FOW_TVOL_AGE_VOL_RT,BA:253,AGE_AGGREGATE_Y15-24,VOL_TYPE_ORG,2016,18.8,,S16:5837
CHE,FOW_TVOL_AGE_VOL_RT,BA:253,AGE_AGGREGATE_Y15-24,VOL_TYPE_DIRECT,2016,25.7,,S16:5837
CHE,FOW_TVOL_AGE_VOL_RT,BA:253,AGE_AGGREGATE_Y25-64,VOL_TYPE_TOTAL,2016,43.2,,S16:5837
CHE,FOW_TVOL_AGE_VOL_RT,BA:253,AGE_AGGREGATE_Y25-64,VOL_TYPE_ORG,2016,20.3,,S16:5837
CHE,FOW_TVOL_AGE_VOL_RT,BA:253,AGE_AGGREGATE_Y25-64,VOL_TYPE_DIRECT,2016,31.7,,S16:5837
CHE,FOW_TVOL_AGE_VOL_RT,BA:253,AGE_AGGREGATE_YGE65,VOL_TYPE_TOTAL,2016,42.2,,S16:5837
CHE,FOW_TVOL_AGE_VOL_RT,BA:253,AGE_AGGREGATE_YGE65,VOL_TYPE_ORG,2016,17.1,,S16:5837
CHE,FOW_TVOL_AGE_VOL_RT,BA:253,AGE_AGGREGATE_YGE65,VOL_TYPE_DIRECT,2016,33.5,,S16:5837
CHE,FOW_TVOL_AGE_VOL_RT,BA:253,AGE_AGGREGATE_TOTAL,VOL_TYPE_TOTAL,2013,32.9,,S16:5837
CHE,FOW_TVOL_AGE_VOL_RT,BA:253,AGE_AGGREGATE_TOTAL,VOL_TYPE_ORG,2013,19.7,,S16:5837
CHE,FOW_TVOL_AGE_VOL_RT,BA:253,AGE_AGGREGATE_TOTAL,VOL_TYPE_DIRECT,2013,18.4,,S16:5837
CHE,FOW_TVOL_AGE_VOL_RT,BA:253,AGE_AGGREGATE_Y15-24,VOL_TYPE_TOTAL,2013,26.6,,S16:5837
CHE,FOW_TVOL_AGE_VOL_RT,BA:253,AGE_AGGREGATE_Y15-24,VOL_TYPE_ORG,2013,18.7,,S16:5837
CHE,FOW_TVOL_AGE_VOL_RT,BA:253,AGE_AGGREGATE_Y15-24,VOL_TYPE_DIRECT,2013,10.3,,S16:5837
CHE,FOW_TVOL_AGE_VOL_RT,BA:253,AGE_AGGREGATE_Y25-64,VOL_TYPE_TOTAL,2013,34.6,,S16:5837
CHE,FOW_TVOL_AGE_VOL_RT,BA:253,AGE_AGGREGATE_Y25-64,VOL_TYPE_ORG,2013,21.2,,S16:5837
CHE,FOW_TVOL_AGE_VOL_RT,BA:253,AGE_AGGREGATE_Y25-64,VOL_TYPE_DIRECT,2013,19.1,,S16:5837
CHE,FOW_TVOL_AGE_VOL_RT,BA:253,AGE_AGGREGATE_YGE65,VOL_TYPE_TOTAL,2013,31.5,,S16:5837
CHE,FOW_TVOL_AGE_VOL_RT,BA:253,AGE_AGGREGATE_YGE65,VOL_TYPE_ORG,2013,15.6,,S16:5837
CHE,FOW_TVOL_AGE_VOL_RT,BA:253,AGE_AGGREGATE_YGE65,VOL_TYPE_DIRECT,2013,21.5,,S16:5837
CHE,FOW_TVOL_AGE_VOL_RT,BA:253,AGE_AGGREGATE_TOTAL,VOL_TYPE_TOTAL,2010,32.7,,S16:5837
CHE,FOW_TVOL_AGE_VOL_RT,BA:253,AGE_AGGREGATE_TOTAL,VOL_TYPE_ORG,2010,19.8,,S16:5837
CHE,FOW_TVOL_AGE_VOL_RT,BA:253,AGE_AGGREGATE_TOTAL,VOL_TYPE_DIRECT,2010,18.4,,S16:5837
CHE,FOW_TVOL_AGE_VOL_RT,BA:253,AGE_AGGREGATE_Y15-24,VOL_TYPE_TOTAL,2010,28.9,,S16:5837
CHE,FOW_TVOL_AGE_VOL_RT,BA:253,AGE_AGGREGATE_Y15-24,VOL_TYPE_ORG,2010,18.7,,S16:5837
CHE,FOW_TVOL_AGE_VOL_RT,BA:253,AGE_AGGREGATE_Y15-24,VOL_TYPE_DIRECT,2010,13.1,,S16:5837
CHE,FOW_TVOL_AGE_VOL_RT,BA:253,AGE_AGGREGATE_Y25-64,VOL_TYPE_TOTAL,2010,34.9,,S16:5837
CHE,FOW_TVOL_AGE_VOL_RT,BA:253,AGE_AGGREGATE_Y25-64,VOL_TYPE_ORG,2010,21.8,,S16:5837
CHE,FOW_TVOL_AGE_VOL_RT,BA:253,AGE_AGGREGATE_Y25-64,VOL_TYPE_DIRECT,2010,19.4,,S16:5837
CHE,FOW_TVOL_AGE_VOL_RT,BA:253,AGE_AGGREGATE_YGE65,VOL_TYPE_TOTAL,2010,28,,S16:5837
CHE,FOW_TVOL_AGE_VOL_RT,BA:253,AGE_AGGREGATE_YGE65,VOL_TYPE_ORG,2010,14.1,,S16:5837
CHE,FOW_TVOL_AGE_VOL_RT,BA:253,AGE_AGGREGATE_YGE65,VOL_TYPE_DIRECT,2010,18.7,,S16:5837
CHE,FOW_TVOL_AGE_VOL_RT,BB:13356,AGE_AGGREGATE_TOTAL,VOL_TYPE_ORG,2015,36.5,,S16:5832_T2:85
CHE,FOW_TVOL_AGE_VOL_RT,BB:13356,AGE_AGGREGATE_TOTAL,VOL_TYPE_DIRECT,2015,48.2,,S16:5832_T2:85
CHE,FOW_TVOL_AGE_VOL_RT,BB:13356,AGE_AGGREGATE_Y15-24,VOL_TYPE_ORG,2015,39.3,,S16:5832_T2:85
CHE,FOW_TVOL_AGE_VOL_RT,BB:13356,AGE_AGGREGATE_Y15-24,VOL_TYPE_DIRECT,2015,44.2,,S16:5832_T2:85
CHE,FOW_TVOL_AGE_VOL_RT,BB:13356,AGE_AGGREGATE_Y25-64,VOL_TYPE_ORG,2015,37.9,,S16:5832_T2:85
CHE,FOW_TVOL_AGE_VOL_RT,BB:13356,AGE_AGGREGATE_Y25-64,VOL_TYPE_DIRECT,2015,47.6,,S16:5832_T2:85
CHE,FOW_TVOL_AGE_VOL_RT,BB:13356,AGE_AGGREGATE_YGE65,VOL_TYPE_ORG,2015,30.2,,S16:5832_T2:85
CHE,FOW_TVOL_AGE_VOL_RT,BB:13356,AGE_AGGREGATE_YGE65,VOL_TYPE_DIRECT,2015,52.3,,S16:5832_T2:85
COL,FOW_TVOL_AGE_VOL_RT,BA:358,AGE_AGGREGATE_TOTAL,VOL_TYPE_TOTAL,2019,2.4,I33:5717,S16:5840
COL,FOW_TVOL_AGE_VOL_RT,BA:358,AGE_AGGREGATE_Y15-24,VOL_TYPE_TOTAL,2019,2.2,I33:5717,S16:5840
COL,FOW_TVOL_AGE_VOL_RT,BA:358,AGE_AGGREGATE_Y25-64,VOL_TYPE_TOTAL,2019,2.4,I33:5717,S16:5840
COL,FOW_TVOL_AGE_VOL_RT,BA:358,AGE_AGGREGATE_YGE65,VOL_TYPE_TOTAL,2019,2.8,I33:5717,S16:5840
COL,FOW_TVOL_AGE_VOL_RT,BA:358,AGE_AGGREGATE_TOTAL,VOL_TYPE_TOTAL,2018,2.5,I33:5717,S16:5840
COL,FOW_TVOL_AGE_VOL_RT,BA:358,AGE_AGGREGATE_Y15-24,VOL_TYPE_TOTAL,2018,2.3,I33:5717,S16:5840
COL,FOW_TVOL_AGE_VOL_RT,BA:358,AGE_AGGREGATE_Y25-64,VOL_TYPE_TOTAL,2018,2.4,I33:5717,S16:5840
COL,FOW_TVOL_AGE_VOL_RT,BA:358,AGE_AGGREGATE_YGE65,VOL_TYPE_TOTAL,2018,2.8,I33:5717,S16:5840
COL,FOW_TVOL_AGE_VOL_RT,BA:358,AGE_AGGREGATE_TOTAL,VOL_TYPE_TOTAL,2017,2.7,I33:5717,S16:5840
COL,FOW_TVOL_AGE_VOL_RT,BA:358,AGE_AGGREGATE_Y15-24,VOL_TYPE_TOTAL,2017,2.3,I33:5717,S16:5840
COL,FOW_TVOL_AGE_VOL_RT,BA:358,AGE_AGGREGATE_Y25-64,VOL_TYPE_TOTAL,2017,2.7,I33:5717,S16:5840
COL,FOW_TVOL_AGE_VOL_RT,BA:358,AGE_AGGREGATE_YGE65,VOL_TYPE_TOTAL,2017,3,I33:5717,S16:5840
COL,FOW_TVOL_AGE_VOL_RT,BA:358,AGE_AGGREGATE_TOTAL,VOL_TYPE_TOTAL,2016,2.7,I33:5717,S16:5840
COL,FOW_TVOL_AGE_VOL_RT,BA:358,AGE_AGGREGATE_Y15-24,VOL_TYPE_TOTAL,2016,2.3,I33:5717,S16:5840
COL,FOW_TVOL_AGE_VOL_RT,BA:358,AGE_AGGREGATE_Y25-64,VOL_TYPE_TOTAL,2016,2.9,I33:5717,S16:5840
COL,FOW_TVOL_AGE_VOL_RT,BA:358,AGE_AGGREGATE_YGE65,VOL_TYPE_TOTAL,2016,2.8,I33:5717,S16:5840
COL,FOW_TVOL_AGE_VOL_RT,BA:358,AGE_AGGREGATE_TOTAL,VOL_TYPE_TOTAL,2015,2.6,I33:5717,S16:5840
COL,FOW_TVOL_AGE_VOL_RT,BA:358,AGE_AGGREGATE_Y15-24,VOL_TYPE_TOTAL,2015,2.3,I33:5717,S16:5840
COL,FOW_TVOL_AGE_VOL_RT,BA:358,AGE_AGGREGATE_Y25-64,VOL_TYPE_TOTAL,2015,2.7,I33:5717,S16:5840
COL,FOW_TVOL_AGE_VOL_RT,BA:358,AGE_AGGREGATE_YGE65,VOL_TYPE_TOTAL,2015,2.5,I33:5717,S16:5840
COL,FOW_TVOL_AGE_VOL_RT,BA:358,AGE_AGGREGATE_TOTAL,VOL_TYPE_TOTAL,2014,2.8,I33:5717,S16:5840
COL,FOW_TVOL_AGE_VOL_RT,BA:358,AGE_AGGREGATE_Y15-24,VOL_TYPE_TOTAL,2014,2.4,I33:5717,S16:5840
COL,FOW_TVOL_AGE_VOL_RT,BA:358,AGE_AGGREGATE_Y25-64,VOL_TYPE_TOTAL,2014,2.9,I33:5717,S16:5840
COL,FOW_TVOL_AGE_VOL_RT,BA:358,AGE_AGGREGATE_YGE65,VOL_TYPE_TOTAL,2014,2.8,I33:5717,S16:5840
COL,FOW_TVOL_AGE_VOL_RT,BA:358,AGE_AGGREGATE_TOTAL,VOL_TYPE_TOTAL,2013,2.8,I33:5717,S16:5840
COL,FOW_TVOL_AGE_VOL_RT,BA:358,AGE_AGGREGATE_Y15-24,VOL_TYPE_TOTAL,2013,2.5,I33:5717,S16:5840
COL,FOW_TVOL_AGE_VOL_RT,BA:358,AGE_AGGREGATE_Y25-64,VOL_TYPE_TOTAL,2013,2.9,I33:5717,S16:5840
COL,FOW_TVOL_AGE_VOL_RT,BA:358,AGE_AGGREGATE_YGE65,VOL_TYPE_TOTAL,2013,2.9,I33:5717,S16:5840
COL,FOW_TVOL_AGE_VOL_RT,BA:358,AGE_AGGREGATE_TOTAL,VOL_TYPE_TOTAL,2012,3,I33:5717,S16:5840
COL,FOW_TVOL_AGE_VOL_RT,BA:358,AGE_AGGREGATE_Y15-24,VOL_TYPE_TOTAL,2012,2.6,I33:5717,S16:5840
COL,FOW_TVOL_AGE_VOL_RT,BA:358,AGE_AGGREGATE_Y25-64,VOL_TYPE_TOTAL,2012,3.2,I33:5717,S16:5840
COL,FOW_TVOL_AGE_VOL_RT,BA:358,AGE_AGGREGATE_YGE65,VOL_TYPE_TOTAL,2012,2.9,I33:5717,S16:5840
COL,FOW_TVOL_AGE_VOL_RT,BA:358,AGE_AGGREGATE_TOTAL,VOL_TYPE_TOTAL,2011,3,I33:5717,S16:5840
COL,FOW_TVOL_AGE_VOL_RT,BA:358,AGE_AGGREGATE_Y15-24,VOL_TYPE_TOTAL,2011,2.6,I33:5717,S16:5840
COL,FOW_TVOL_AGE_VOL_RT,BA:358,AGE_AGGREGATE_Y25-64,VOL_TYPE_TOTAL,2011,3.2,I33:5717,S16:5840
COL,FOW_TVOL_AGE_VOL_RT,BA:358,AGE_AGGREGATE_YGE65,VOL_TYPE_TOTAL,2011,3.4,I33:5717,S16:5840
COL,FOW_TVOL_AGE_VOL_RT,BA:358,AGE_AGGREGATE_TOTAL,VOL_TYPE_TOTAL,2010,3.1,I33:5717,S16:5840
COL,FOW_TVOL_AGE_VOL_RT,BA:358,AGE_AGGREGATE_Y15-24,VOL_TYPE_TOTAL,2010,2.6,I33:5717,S16:5840
COL,FOW_TVOL_AGE_VOL_RT,BA:358,AGE_AGGREGATE_Y25-64,VOL_TYPE_TOTAL,2010,3.3,I33:5717,S16:5840
COL,FOW_TVOL_AGE_VOL_RT,BA:358,AGE_AGGREGATE_YGE65,VOL_TYPE_TOTAL,2010,3.2,I33:5717,S16:5840
CRI,FOW_TVOL_AGE_VOL_RT,BA:12883,AGE_AGGREGATE_TOTAL,VOL_TYPE_TOTAL,2019,2.6,I33:5717,S16:5840
CRI,FOW_TVOL_AGE_VOL_RT,BA:12883,AGE_AGGREGATE_Y15-24,VOL_TYPE_TOTAL,2019,1.9,I33:5717,S16:5840
CRI,FOW_TVOL_AGE_VOL_RT,BA:12883,AGE_AGGREGATE_Y25-64,VOL_TYPE_TOTAL,2019,2.6,I33:5717,S16:5840
CRI,FOW_TVOL_AGE_VOL_RT,BA:12883,AGE_AGGREGATE_YGE65,VOL_TYPE_TOTAL,2019,3.3,I33:5717,S16:5840
CRI,FOW_TVOL_AGE_VOL_RT,BA:12883,AGE_AGGREGATE_TOTAL,VOL_TYPE_TOTAL,2018,2.2,I33:5717,S16:5840
CRI,FOW_TVOL_AGE_VOL_RT,BA:12883,AGE_AGGREGATE_Y15-24,VOL_TYPE_TOTAL,2018,1.1,I33:5717,S16:5840
CRI,FOW_TVOL_AGE_VOL_RT,BA:12883,AGE_AGGREGATE_Y25-64,VOL_TYPE_TOTAL,2018,2.4,I33:5717,S16:5840
CRI,FOW_TVOL_AGE_VOL_RT,BA:12883,AGE_AGGREGATE_YGE65,VOL_TYPE_TOTAL,2018,3.2,I33:5717,S16:5840
CRI,FOW_TVOL_AGE_VOL_RT,BA:12883,AGE_AGGREGATE_TOTAL,VOL_TYPE_TOTAL,2017,2.1,I33:5717,S16:5840
CRI,FOW_TVOL_AGE_VOL_RT,BA:12883,AGE_AGGREGATE_Y15-24,VOL_TYPE_TOTAL,2017,1.1,I33:5717,S16:5840
CRI,FOW_TVOL_AGE_VOL_RT,BA:12883,AGE_AGGREGATE_Y25-64,VOL_TYPE_TOTAL,2017,2.4,I33:5717,S16:5840
CRI,FOW_TVOL_AGE_VOL_RT,BA:12883,AGE_AGGREGATE_YGE65,VOL_TYPE_TOTAL,2017,2.2,I33:5717,S16:5840
CYP,FOW_TVOL_AGE_VOL_RT,BB:459,AGE_AGGREGATE_TOTAL,VOL_TYPE_ORG,2015,7.2,,S16:5832_T2:85
CYP,FOW_TVOL_AGE_VOL_RT,BB:459,AGE_AGGREGATE_TOTAL,VOL_TYPE_DIRECT,2015,2.6,,S16:5832_T2:85
CYP,FOW_TVOL_AGE_VOL_RT,BB:459,AGE_AGGREGATE_Y15-24,VOL_TYPE_ORG,2015,5.6,,S16:5832_T2:85
CYP,FOW_TVOL_AGE_VOL_RT,BB:459,AGE_AGGREGATE_Y15-24,VOL_TYPE_DIRECT,2015,1.9,,S16:5832_T2:85
CYP,FOW_TVOL_AGE_VOL_RT,BB:459,AGE_AGGREGATE_Y25-64,VOL_TYPE_ORG,2015,8.1,,S16:5832_T2:85
CYP,FOW_TVOL_AGE_VOL_RT,BB:459,AGE_AGGREGATE_Y25-64,VOL_TYPE_DIRECT,2015,3,,S16:5832_T2:85
CYP,FOW_TVOL_AGE_VOL_RT,BB:459,AGE_AGGREGATE_YGE65,VOL_TYPE_ORG,2015,4.9,,S16:5832_T2:85
CYP,FOW_TVOL_AGE_VOL_RT,BB:459,AGE_AGGREGATE_YGE65,VOL_TYPE_DIRECT,2015,2.1,,S16:5832_T2:85
CZE,FOW_TVOL_AGE_VOL_RT,BB:301,AGE_AGGREGATE_TOTAL,VOL_TYPE_ORG,2015,12.2,,S16:5832_T2:85
CZE,FOW_TVOL_AGE_VOL_RT,BB:301,AGE_AGGREGATE_TOTAL,VOL_TYPE_DIRECT,2015,16.6,,S16:5832_T2:85
CZE,FOW_TVOL_AGE_VOL_RT,BB:301,AGE_AGGREGATE_Y15-24,VOL_TYPE_ORG,2015,13.9,,S16:5832_T2:85
CZE,FOW_TVOL_AGE_VOL_RT,BB:301,AGE_AGGREGATE_Y15-24,VOL_TYPE_DIRECT,2015,19.2,,S16:5832_T2:85
CZE,FOW_TVOL_AGE_VOL_RT,BB:301,AGE_AGGREGATE_Y25-64,VOL_TYPE_ORG,2015,12.8,,S16:5832_T2:85
CZE,FOW_TVOL_AGE_VOL_RT,BB:301,AGE_AGGREGATE_Y25-64,VOL_TYPE_DIRECT,2015,17.4,,S16:5832_T2:85
CZE,FOW_TVOL_AGE_VOL_RT,BB:301,AGE_AGGREGATE_YGE65,VOL_TYPE_ORG,2015,9.4,,S16:5832_T2:85
CZE,FOW_TVOL_AGE_VOL_RT,BB:301,AGE_AGGREGATE_YGE65,VOL_TYPE_DIRECT,2015,12.8,,S16:5832_T2:85
DEU,FOW_TVOL_AGE_VOL_RT,BB:5863,AGE_AGGREGATE_TOTAL,VOL_TYPE_ORG,2015,28.6,,S16:5832_T2:85
DEU,FOW_TVOL_AGE_VOL_RT,BB:5863,AGE_AGGREGATE_TOTAL,VOL_TYPE_DIRECT,2015,11.4,,S16:5832_T2:85
DEU,FOW_TVOL_AGE_VOL_RT,BB:5863,AGE_AGGREGATE_Y15-24,VOL_TYPE_ORG,2015,28.1,,S16:5832_T2:85
DEU,FOW_TVOL_AGE_VOL_RT,BB:5863,AGE_AGGREGATE_Y15-24,VOL_TYPE_DIRECT,2015,7.8,,S16:5832_T2:85
DEU,FOW_TVOL_AGE_VOL_RT,BB:5863,AGE_AGGREGATE_Y25-64,VOL_TYPE_ORG,2015,27.8,,S16:5832_T2:85
DEU,FOW_TVOL_AGE_VOL_RT,BB:5863,AGE_AGGREGATE_Y25-64,VOL_TYPE_DIRECT,2015,10.6,,S16:5832_T2:85
DEU,FOW_TVOL_AGE_VOL_RT,BB:5863,AGE_AGGREGATE_YGE65,VOL_TYPE_ORG,2015,31.1,,S16:5832_T2:85
DEU,FOW_TVOL_AGE_VOL_RT,BB:5863,AGE_AGGREGATE_YGE65,VOL_TYPE_DIRECT,2015,15.3,,S16:5832_T2:85
DNK,FOW_TVOL_AGE_VOL_RT,BB:3070,AGE_AGGREGATE_TOTAL,VOL_TYPE_ORG,2015,38.7,,S16:5832_T2:85
DNK,FOW_TVOL_AGE_VOL_RT,BB:3070,AGE_AGGREGATE_TOTAL,VOL_TYPE_DIRECT,2015,41.8,,S16:5832_T2:85
DNK,FOW_TVOL_AGE_VOL_RT,BB:3070,AGE_AGGREGATE_Y15-24,VOL_TYPE_ORG,2015,40.2,,S16:5832_T2:85
DNK,FOW_TVOL_AGE_VOL_RT,BB:3070,AGE_AGGREGATE_Y15-24,VOL_TYPE_DIRECT,2015,34.9,,S16:5832_T2:85
DNK,FOW_TVOL_AGE_VOL_RT,BB:3070,AGE_AGGREGATE_Y25-64,VOL_TYPE_ORG,2015,39.8,,S16:5832_T2:85
DNK,FOW_TVOL_AGE_VOL_RT,BB:3070,AGE_AGGREGATE_Y25-64,VOL_TYPE_DIRECT,2015,44.7,,S16:5832_T2:85
DNK,FOW_TVOL_AGE_VOL_RT,BB:3070,AGE_AGGREGATE_YGE65,VOL_TYPE_ORG,2015,34.7,,S16:5832_T2:85
DNK,FOW_TVOL_AGE_VOL_RT,BB:3070,AGE_AGGREGATE_YGE65,VOL_TYPE_DIRECT,2015,38.3,,S16:5832_T2:85
DNK,FOW_TVOL_AGE_VOL_RT,BX:15949,AGE_AGGREGATE_TOTAL,VOL_TYPE_TOTAL,2020,27,I33:5716,S16:5846_T2:85
DNK,FOW_TVOL_AGE_VOL_RT,BX:15949,AGE_AGGREGATE_Y15-24,VOL_TYPE_TOTAL,2020,26,I33:5716,S16:5846_T2:85
DNK,FOW_TVOL_AGE_VOL_RT,BX:15949,AGE_AGGREGATE_Y25-64,VOL_TYPE_TOTAL,2020,27,I33:5716,S16:5846_T2:85
DNK,FOW_TVOL_AGE_VOL_RT,BX:15949,AGE_AGGREGATE_YGE65,VOL_TYPE_TOTAL,2020,28,I33:5716,S16:5846_T2:85
DNK,FOW_TVOL_AGE_VOL_RT,BX:15949,AGE_AGGREGATE_TOTAL,VOL_TYPE_TOTAL,2019,33,,S16:5846_T2:85
DNK,FOW_TVOL_AGE_VOL_RT,BX:15949,AGE_AGGREGATE_Y15-24,VOL_TYPE_TOTAL,2019,33,,S16:5846_T2:85
DNK,FOW_TVOL_AGE_VOL_RT,BX:15949,AGE_AGGREGATE_Y25-64,VOL_TYPE_TOTAL,2019,32.4,,S16:5846_T2:85
DNK,FOW_TVOL_AGE_VOL_RT,BX:15949,AGE_AGGREGATE_YGE65,VOL_TYPE_TOTAL,2019,37.1,,S16:5846_T2:85
DNK,FOW_TVOL_AGE_VOL_RT,BX:15949,AGE_AGGREGATE_TOTAL,VOL_TYPE_TOTAL,2018,33,,S16:5846_T2:85
DNK,FOW_TVOL_AGE_VOL_RT,BX:15949,AGE_AGGREGATE_Y15-24,VOL_TYPE_TOTAL,2018,29,,S16:5846_T2:85
DNK,FOW_TVOL_AGE_VOL_RT,BX:15949,AGE_AGGREGATE_Y25-64,VOL_TYPE_TOTAL,2018,33.3,,S16:5846_T2:85
DNK,FOW_TVOL_AGE_VOL_RT,BX:15949,AGE_AGGREGATE_YGE65,VOL_TYPE_TOTAL,2018,36.5,,S16:5846_T2:85
ESP,FOW_TVOL_AGE_VOL_RT,BB:3071,AGE_AGGREGATE_TOTAL,VOL_TYPE_ORG,2015,10.7,,S16:5832_T2:85
ESP,FOW_TVOL_AGE_VOL_RT,BB:3071,AGE_AGGREGATE_TOTAL,VOL_TYPE_DIRECT,2015,10.6,,S16:5832_T2:85
ESP,FOW_TVOL_AGE_VOL_RT,BB:3071,AGE_AGGREGATE_Y15-24,VOL_TYPE_ORG,2015,11.1,,S16:5832_T2:85
ESP,FOW_TVOL_AGE_VOL_RT,BB:3071,AGE_AGGREGATE_Y15-24,VOL_TYPE_DIRECT,2015,10.5,,S16:5832_T2:85
ESP,FOW_TVOL_AGE_VOL_RT,BB:3071,AGE_AGGREGATE_Y25-64,VOL_TYPE_ORG,2015,11.2,,S16:5832_T2:85
ESP,FOW_TVOL_AGE_VOL_RT,BB:3071,AGE_AGGREGATE_Y25-64,VOL_TYPE_DIRECT,2015,11.5,,S16:5832_T2:85
ESP,FOW_TVOL_AGE_VOL_RT,BB:3071,AGE_AGGREGATE_YGE65,VOL_TYPE_ORG,2015,9,,S16:5832_T2:85
ESP,FOW_TVOL_AGE_VOL_RT,BB:3071,AGE_AGGREGATE_YGE65,VOL_TYPE_DIRECT,2015,8,,S16:5832_T2:85
EST,FOW_TVOL_AGE_VOL_RT,BB:44,AGE_AGGREGATE_TOTAL,VOL_TYPE_ORG,2015,16.4,,S16:5832_T2:85
EST,FOW_TVOL_AGE_VOL_RT,BB:44,AGE_AGGREGATE_TOTAL,VOL_TYPE_DIRECT,2015,25.5,,S16:5832_T2:85
EST,FOW_TVOL_AGE_VOL_RT,BB:44,AGE_AGGREGATE_Y15-24,VOL_TYPE_ORG,2015,22.9,,S16:5832_T2:85
EST,FOW_TVOL_AGE_VOL_RT,BB:44,AGE_AGGREGATE_Y15-24,VOL_TYPE_DIRECT,2015,27.6,,S16:5832_T2:85
EST,FOW_TVOL_AGE_VOL_RT,BB:44,AGE_AGGREGATE_Y25-64,VOL_TYPE_ORG,2015,17.6,,S16:5832_T2:85
EST,FOW_TVOL_AGE_VOL_RT,BB:44,AGE_AGGREGATE_Y25-64,VOL_TYPE_DIRECT,2015,27.7,,S16:5832_T2:85
EST,FOW_TVOL_AGE_VOL_RT,BB:44,AGE_AGGREGATE_YGE65,VOL_TYPE_ORG,2015,9.5,,S16:5832_T2:85
EST,FOW_TVOL_AGE_VOL_RT,BB:44,AGE_AGGREGATE_YGE65,VOL_TYPE_DIRECT,2015,17.6,,S16:5832_T2:85
FIN,FOW_TVOL_AGE_VOL_RT,BB:6210,AGE_AGGREGATE_TOTAL,VOL_TYPE_ORG,2015,34.1,,S16:5832_T2:85
FIN,FOW_TVOL_AGE_VOL_RT,BB:6210,AGE_AGGREGATE_TOTAL,VOL_TYPE_DIRECT,2015,74.2,,S16:5832_T2:85
FIN,FOW_TVOL_AGE_VOL_RT,BB:6210,AGE_AGGREGATE_Y15-24,VOL_TYPE_ORG,2015,28.7,,S16:5832_T2:85
FIN,FOW_TVOL_AGE_VOL_RT,BB:6210,AGE_AGGREGATE_Y15-24,VOL_TYPE_DIRECT,2015,77.3,,S16:5832_T2:85
FIN,FOW_TVOL_AGE_VOL_RT,BB:6210,AGE_AGGREGATE_Y25-64,VOL_TYPE_ORG,2015,37.5,,S16:5832_T2:85
FIN,FOW_TVOL_AGE_VOL_RT,BB:6210,AGE_AGGREGATE_Y25-64,VOL_TYPE_DIRECT,2015,80.3,,S16:5832_T2:85
FIN,FOW_TVOL_AGE_VOL_RT,BB:6210,AGE_AGGREGATE_YGE65,VOL_TYPE_ORG,2015,28,,S16:5832_T2:85
FIN,FOW_TVOL_AGE_VOL_RT,BB:6210,AGE_AGGREGATE_YGE65,VOL_TYPE_DIRECT,2015,57,,S16:5832_T2:85
FRA,FOW_TVOL_AGE_VOL_RT,BB:3067,AGE_AGGREGATE_TOTAL,VOL_TYPE_ORG,2015,23,,S16:5832_T2:85
FRA,FOW_TVOL_AGE_VOL_RT,BB:3067,AGE_AGGREGATE_TOTAL,VOL_TYPE_DIRECT,2015,23.3,,S16:5832_T2:85
FRA,FOW_TVOL_AGE_VOL_RT,BB:3067,AGE_AGGREGATE_Y15-24,VOL_TYPE_ORG,2015,21.5,,S16:5832_T2:85
FRA,FOW_TVOL_AGE_VOL_RT,BB:3067,AGE_AGGREGATE_Y15-24,VOL_TYPE_DIRECT,2015,19.1,,S16:5832_T2:85
FRA,FOW_TVOL_AGE_VOL_RT,BB:3067,AGE_AGGREGATE_Y25-64,VOL_TYPE_ORG,2015,23.6,,S16:5832_T2:85
FRA,FOW_TVOL_AGE_VOL_RT,BB:3067,AGE_AGGREGATE_Y25-64,VOL_TYPE_DIRECT,2015,24.1,,S16:5832_T2:85
FRA,FOW_TVOL_AGE_VOL_RT,BB:3067,AGE_AGGREGATE_YGE65,VOL_TYPE_ORG,2015,22.3,,S16:5832_T2:85
FRA,FOW_TVOL_AGE_VOL_RT,BB:3067,AGE_AGGREGATE_YGE65,VOL_TYPE_DIRECT,2015,23.4,,S16:5832_T2:85
GBR,FOW_TVOL_AGE_VOL_RT,BB:3056,AGE_AGGREGATE_TOTAL,VOL_TYPE_ORG,2015,23.3,,S16:5832_T2:85
GBR,FOW_TVOL_AGE_VOL_RT,BB:3056,AGE_AGGREGATE_TOTAL,VOL_TYPE_DIRECT,2015,19.2,,S16:5832_T2:85
GBR,FOW_TVOL_AGE_VOL_RT,BB:3056,AGE_AGGREGATE_Y15-24,VOL_TYPE_ORG,2015,24.5,,S16:5832_T2:85
GBR,FOW_TVOL_AGE_VOL_RT,BB:3056,AGE_AGGREGATE_Y15-24,VOL_TYPE_DIRECT,2015,20.5,,S16:5832_T2:85
GBR,FOW_TVOL_AGE_VOL_RT,BB:3056,AGE_AGGREGATE_Y25-64,VOL_TYPE_ORG,2015,22.7,,S16:5832_T2:85
GBR,FOW_TVOL_AGE_VOL_RT,BB:3056,AGE_AGGREGATE_Y25-64,VOL_TYPE_DIRECT,2015,18.5,,S16:5832_T2:85
GBR,FOW_TVOL_AGE_VOL_RT,BB:3056,AGE_AGGREGATE_YGE65,VOL_TYPE_ORG,2015,24.5,,S16:5832_T2:85
GBR,FOW_TVOL_AGE_VOL_RT,BB:3056,AGE_AGGREGATE_YGE65,VOL_TYPE_DIRECT,2015,20.6,,S16:5832_T2:85
GBR,FOW_TVOL_AGE_VOL_RT,BX:16074,AGE_AGGREGATE_TOTAL,VOL_TYPE_TOTAL,2021,62.2,I33:5716,S16:5832_T2:85
GBR,FOW_TVOL_AGE_VOL_RT,BX:16074,AGE_AGGREGATE_TOTAL,VOL_TYPE_ORG,2021,29.9,I33:5716,S16:5832_T2:85
GBR,FOW_TVOL_AGE_VOL_RT,BX:16074,AGE_AGGREGATE_TOTAL,VOL_TYPE_DIRECT,2021,54.2,I33:5716,S16:5832_T2:85
GBR,FOW_TVOL_AGE_VOL_RT,BX:16074,AGE_AGGREGATE_Y15-24,VOL_TYPE_TOTAL,2021,60.5,I33:5716,S16:5832_T2:85
GBR,FOW_TVOL_AGE_VOL_RT,BX:16074,AGE_AGGREGATE_Y15-24,VOL_TYPE_ORG,2021,31.1,I33:5716,S16:5832_T2:85
GBR,FOW_TVOL_AGE_VOL_RT,BX:16074,AGE_AGGREGATE_Y15-24,VOL_TYPE_DIRECT,2021,49.3,I33:5716,S16:5832_T2:85
GBR,FOW_TVOL_AGE_VOL_RT,BX:16074,AGE_AGGREGATE_Y25-64,VOL_TYPE_TOTAL,2021,63.9,I33:5716,S16:5832_T2:85
GBR,FOW_TVOL_AGE_VOL_RT,BX:16074,AGE_AGGREGATE_Y25-64,VOL_TYPE_ORG,2021,30.3,I33:5716,S16:5832_T2:85
GBR,FOW_TVOL_AGE_VOL_RT,BX:16074,AGE_AGGREGATE_Y25-64,VOL_TYPE_DIRECT,2021,55.8,I33:5716,S16:5832_T2:85
GBR,FOW_TVOL_AGE_VOL_RT,BX:16074,AGE_AGGREGATE_YGE65,VOL_TYPE_TOTAL,2021,58.8,I33:5716,S16:5832_T2:85
GBR,FOW_TVOL_AGE_VOL_RT,BX:16074,AGE_AGGREGATE_YGE65,VOL_TYPE_ORG,2021,28.5,I33:5716,S16:5832_T2:85
GBR,FOW_TVOL_AGE_VOL_RT,BX:16074,AGE_AGGREGATE_YGE65,VOL_TYPE_DIRECT,2021,53,I33:5716,S16:5832_T2:85
GBR,FOW_TVOL_AGE_VOL_RT,BX:16074,AGE_AGGREGATE_TOTAL,VOL_TYPE_TOTAL,2020,63.6,I33:5716,S16:5832_T2:85
GBR,FOW_TVOL_AGE_VOL_RT,BX:16074,AGE_AGGREGATE_TOTAL,VOL_TYPE_ORG,2020,37.2,I33:5716,S16:5832_T2:85
GBR,FOW_TVOL_AGE_VOL_RT,BX:16074,AGE_AGGREGATE_TOTAL,VOL_TYPE_DIRECT,2020,53,I33:5716,S16:5832_T2:85
GBR,FOW_TVOL_AGE_VOL_RT,BX:16074,AGE_AGGREGATE_Y15-24,VOL_TYPE_TOTAL,2020,63,I33:5716,S16:5832_T2:85
GBR,FOW_TVOL_AGE_VOL_RT,BX:16074,AGE_AGGREGATE_Y15-24,VOL_TYPE_ORG,2020,39.6,I33:5716,S16:5832_T2:85
GBR,FOW_TVOL_AGE_VOL_RT,BX:16074,AGE_AGGREGATE_Y15-24,VOL_TYPE_DIRECT,2020,48.4,I33:5716,S16:5832_T2:85
GBR,FOW_TVOL_AGE_VOL_RT,BX:16074,AGE_AGGREGATE_Y25-64,VOL_TYPE_TOTAL,2020,63.5,I33:5716,S16:5832_T2:85
GBR,FOW_TVOL_AGE_VOL_RT,BX:16074,AGE_AGGREGATE_Y25-64,VOL_TYPE_ORG,2020,36.5,I33:5716,S16:5832_T2:85
GBR,FOW_TVOL_AGE_VOL_RT,BX:16074,AGE_AGGREGATE_Y25-64,VOL_TYPE_DIRECT,2020,52.6,I33:5716,S16:5832_T2:85
GBR,FOW_TVOL_AGE_VOL_RT,BX:16074,AGE_AGGREGATE_YGE65,VOL_TYPE_TOTAL,2020,63.9,I33:5716,S16:5832_T2:85
GBR,FOW_TVOL_AGE_VOL_RT,BX:16074,AGE_AGGREGATE_YGE65,VOL_TYPE_ORG,2020,37.6,I33:5716,S16:5832_T2:85
GBR,FOW_TVOL_AGE_VOL_RT,BX:16074,AGE_AGGREGATE_YGE65,VOL_TYPE_DIRECT,2020,56.6,I33:5716,S16:5832_T2:85
GBR,FOW_TVOL_AGE_VOL_RT,BX:16074,AGE_AGGREGATE_TOTAL,VOL_TYPE_TOTAL,2019,62.4,I33:5716,S16:5832_T2:85
GBR,FOW_TVOL_AGE_VOL_RT,BX:16074,AGE_AGGREGATE_TOTAL,VOL_TYPE_ORG,2019,35.5,I33:5716,S16:5832_T2:85
GBR,FOW_TVOL_AGE_VOL_RT,BX:16074,AGE_AGGREGATE_TOTAL,VOL_TYPE_DIRECT,2019,51.6,I33:5716,S16:5832_T2:85
GBR,FOW_TVOL_AGE_VOL_RT,BX:16074,AGE_AGGREGATE_Y15-24,VOL_TYPE_TOTAL,2019,58.5,I33:5716,S16:5832_T2:85
GBR,FOW_TVOL_AGE_VOL_RT,BX:16074,AGE_AGGREGATE_Y15-24,VOL_TYPE_ORG,2019,34.5,I33:5716,S16:5832_T2:85
GBR,FOW_TVOL_AGE_VOL_RT,BX:16074,AGE_AGGREGATE_Y15-24,VOL_TYPE_DIRECT,2019,46,I33:5716,S16:5832_T2:85
GBR,FOW_TVOL_AGE_VOL_RT,BX:16074,AGE_AGGREGATE_Y25-64,VOL_TYPE_TOTAL,2019,62.9,I33:5716,S16:5832_T2:85
GBR,FOW_TVOL_AGE_VOL_RT,BX:16074,AGE_AGGREGATE_Y25-64,VOL_TYPE_ORG,2019,35.8,I33:5716,S16:5832_T2:85
GBR,FOW_TVOL_AGE_VOL_RT,BX:16074,AGE_AGGREGATE_Y25-64,VOL_TYPE_DIRECT,2019,51.3,I33:5716,S16:5832_T2:85
GBR,FOW_TVOL_AGE_VOL_RT,BX:16074,AGE_AGGREGATE_YGE65,VOL_TYPE_TOTAL,2019,63.4,I33:5716,S16:5832_T2:85
GBR,FOW_TVOL_AGE_VOL_RT,BX:16074,AGE_AGGREGATE_YGE65,VOL_TYPE_ORG,2019,35.2,I33:5716,S16:5832_T2:85
GBR,FOW_TVOL_AGE_VOL_RT,BX:16074,AGE_AGGREGATE_YGE65,VOL_TYPE_DIRECT,2019,56.1,I33:5716,S16:5832_T2:85
GBR,FOW_TVOL_AGE_VOL_RT,BX:16074,AGE_AGGREGATE_TOTAL,VOL_TYPE_TOTAL,2018,64,I33:5716,S16:5832_T2:85
GBR,FOW_TVOL_AGE_VOL_RT,BX:16074,AGE_AGGREGATE_TOTAL,VOL_TYPE_ORG,2018,37.5,I33:5716,S16:5832_T2:85
GBR,FOW_TVOL_AGE_VOL_RT,BX:16074,AGE_AGGREGATE_TOTAL,VOL_TYPE_DIRECT,2018,52.8,I33:5716,S16:5832_T2:85
GBR,FOW_TVOL_AGE_VOL_RT,BX:16074,AGE_AGGREGATE_Y15-24,VOL_TYPE_TOTAL,2018,61.1,I33:5716,S16:5832_T2:85
GBR,FOW_TVOL_AGE_VOL_RT,BX:16074,AGE_AGGREGATE_Y15-24,VOL_TYPE_ORG,2018,38.9,I33:5716,S16:5832_T2:85
GBR,FOW_TVOL_AGE_VOL_RT,BX:16074,AGE_AGGREGATE_Y15-24,VOL_TYPE_DIRECT,2018,48.7,I33:5716,S16:5832_T2:85
GBR,FOW_TVOL_AGE_VOL_RT,BX:16074,AGE_AGGREGATE_Y25-64,VOL_TYPE_TOTAL,2018,64.1,I33:5716,S16:5832_T2:85
GBR,FOW_TVOL_AGE_VOL_RT,BX:16074,AGE_AGGREGATE_Y25-64,VOL_TYPE_ORG,2018,37.3,I33:5716,S16:5832_T2:85
GBR,FOW_TVOL_AGE_VOL_RT,BX:16074,AGE_AGGREGATE_Y25-64,VOL_TYPE_DIRECT,2018,52.4,I33:5716,S16:5832_T2:85
GBR,FOW_TVOL_AGE_VOL_RT,BX:16074,AGE_AGGREGATE_YGE65,VOL_TYPE_TOTAL,2018,65.5,I33:5716,S16:5832_T2:85
GBR,FOW_TVOL_AGE_VOL_RT,BX:16074,AGE_AGGREGATE_YGE65,VOL_TYPE_ORG,2018,37.4,I33:5716,S16:5832_T2:85
GBR,FOW_TVOL_AGE_VOL_RT,BX:16074,AGE_AGGREGATE_YGE65,VOL_TYPE_DIRECT,2018,56.8,I33:5716,S16:5832_T2:85
GBR,FOW_TVOL_AGE_VOL_RT,BX:16074,AGE_AGGREGATE_TOTAL,VOL_TYPE_TOTAL,2017,62.7,I33:5716,S16:5832_T2:85
GBR,FOW_TVOL_AGE_VOL_RT,BX:16074,AGE_AGGREGATE_TOTAL,VOL_TYPE_ORG,2017,37.2,I33:5716,S16:5832_T2:85
GBR,FOW_TVOL_AGE_VOL_RT,BX:16074,AGE_AGGREGATE_TOTAL,VOL_TYPE_DIRECT,2017,51.8,I33:5716,S16:5832_T2:85
GBR,FOW_TVOL_AGE_VOL_RT,BX:16074,AGE_AGGREGATE_Y15-24,VOL_TYPE_TOTAL,2017,62.8,I33:5716,S16:5832_T2:85
GBR,FOW_TVOL_AGE_VOL_RT,BX:16074,AGE_AGGREGATE_Y15-24,VOL_TYPE_ORG,2017,37.6,I33:5716,S16:5832_T2:85
GBR,FOW_TVOL_AGE_VOL_RT,BX:16074,AGE_AGGREGATE_Y15-24,VOL_TYPE_DIRECT,2017,49,I33:5716,S16:5832_T2:85
GBR,FOW_TVOL_AGE_VOL_RT,BX:16074,AGE_AGGREGATE_Y25-64,VOL_TYPE_TOTAL,2017,61.6,I33:5716,S16:5832_T2:85
GBR,FOW_TVOL_AGE_VOL_RT,BX:16074,AGE_AGGREGATE_Y25-64,VOL_TYPE_ORG,2017,36.3,I33:5716,S16:5832_T2:85
GBR,FOW_TVOL_AGE_VOL_RT,BX:16074,AGE_AGGREGATE_Y25-64,VOL_TYPE_DIRECT,2017,50.2,I33:5716,S16:5832_T2:85
GBR,FOW_TVOL_AGE_VOL_RT,BX:16074,AGE_AGGREGATE_YGE65,VOL_TYPE_TOTAL,2017,65.7,I33:5716,S16:5832_T2:85
GBR,FOW_TVOL_AGE_VOL_RT,BX:16074,AGE_AGGREGATE_YGE65,VOL_TYPE_ORG,2017,39.4,I33:5716,S16:5832_T2:85
GBR,FOW_TVOL_AGE_VOL_RT,BX:16074,AGE_AGGREGATE_YGE65,VOL_TYPE_DIRECT,2017,58.4,I33:5716,S16:5832_T2:85
GBR,FOW_TVOL_AGE_VOL_RT,BX:16074,AGE_AGGREGATE_TOTAL,VOL_TYPE_TOTAL,2016,65.4,I33:5716,S16:5832_T2:85
GBR,FOW_TVOL_AGE_VOL_RT,BX:16074,AGE_AGGREGATE_TOTAL,VOL_TYPE_ORG,2016,37.2,I33:5716,S16:5832_T2:85
GBR,FOW_TVOL_AGE_VOL_RT,BX:16074,AGE_AGGREGATE_TOTAL,VOL_TYPE_DIRECT,2016,54.3,I33:5716,S16:5832_T2:85
GBR,FOW_TVOL_AGE_VOL_RT,BX:16074,AGE_AGGREGATE_Y15-24,VOL_TYPE_TOTAL,2016,64.2,I33:5716,S16:5832_T2:85
GBR,FOW_TVOL_AGE_VOL_RT,BX:16074,AGE_AGGREGATE_Y15-24,VOL_TYPE_ORG,2016,35.6,I33:5716,S16:5832_T2:85
GBR,FOW_TVOL_AGE_VOL_RT,BX:16074,AGE_AGGREGATE_Y15-24,VOL_TYPE_DIRECT,2016,51.7,I33:5716,S16:5832_T2:85
GBR,FOW_TVOL_AGE_VOL_RT,BX:16074,AGE_AGGREGATE_Y25-64,VOL_TYPE_TOTAL,2016,65.7,I33:5716,S16:5832_T2:85
GBR,FOW_TVOL_AGE_VOL_RT,BX:16074,AGE_AGGREGATE_Y25-64,VOL_TYPE_ORG,2016,37.7,I33:5716,S16:5832_T2:85
GBR,FOW_TVOL_AGE_VOL_RT,BX:16074,AGE_AGGREGATE_Y25-64,VOL_TYPE_DIRECT,2016,53.7,I33:5716,S16:5832_T2:85
GBR,FOW_TVOL_AGE_VOL_RT,BX:16074,AGE_AGGREGATE_YGE65,VOL_TYPE_TOTAL,2016,65.5,I33:5716,S16:5832_T2:85
GBR,FOW_TVOL_AGE_VOL_RT,BX:16074,AGE_AGGREGATE_YGE65,VOL_TYPE_ORG,2016,36.8,I33:5716,S16:5832_T2:85
GBR,FOW_TVOL_AGE_VOL_RT,BX:16074,AGE_AGGREGATE_YGE65,VOL_TYPE_DIRECT,2016,57.8,I33:5716,S16:5832_T2:85
GBR,FOW_TVOL_AGE_VOL_RT,BX:16074,AGE_AGGREGATE_TOTAL,VOL_TYPE_TOTAL,2014,70,I33:5716,S16:5832_T2:85
GBR,FOW_TVOL_AGE_VOL_RT,BX:16074,AGE_AGGREGATE_TOTAL,VOL_TYPE_ORG,2014,44.6,I33:5716,S16:5832_T2:85
GBR,FOW_TVOL_AGE_VOL_RT,BX:16074,AGE_AGGREGATE_TOTAL,VOL_TYPE_DIRECT,2014,57.6,I33:5716,S16:5832_T2:85
GBR,FOW_TVOL_AGE_VOL_RT,BX:16074,AGE_AGGREGATE_Y15-24,VOL_TYPE_TOTAL,2014,65.8,I33:5716,S16:5832_T2:85
GBR,FOW_TVOL_AGE_VOL_RT,BX:16074,AGE_AGGREGATE_Y15-24,VOL_TYPE_ORG,2014,47.8,I33:5716,S16:5832_T2:85
GBR,FOW_TVOL_AGE_VOL_RT,BX:16074,AGE_AGGREGATE_Y15-24,VOL_TYPE_DIRECT,2014,50.4,I33:5716,S16:5832_T2:85
GBR,FOW_TVOL_AGE_VOL_RT,BX:16074,AGE_AGGREGATE_Y25-64,VOL_TYPE_TOTAL,2014,70.7,I33:5716,S16:5832_T2:85
GBR,FOW_TVOL_AGE_VOL_RT,BX:16074,AGE_AGGREGATE_Y25-64,VOL_TYPE_ORG,2014,43.7,I33:5716,S16:5832_T2:85
GBR,FOW_TVOL_AGE_VOL_RT,BX:16074,AGE_AGGREGATE_Y25-64,VOL_TYPE_DIRECT,2014,57.7,I33:5716,S16:5832_T2:85
GBR,FOW_TVOL_AGE_VOL_RT,BX:16074,AGE_AGGREGATE_YGE65,VOL_TYPE_TOTAL,2014,71.4,I33:5716,S16:5832_T2:85
GBR,FOW_TVOL_AGE_VOL_RT,BX:16074,AGE_AGGREGATE_YGE65,VOL_TYPE_ORG,2014,45.4,I33:5716,S16:5832_T2:85
GBR,FOW_TVOL_AGE_VOL_RT,BX:16074,AGE_AGGREGATE_YGE65,VOL_TYPE_DIRECT,2014,62.6,I33:5716,S16:5832_T2:85
GTM,FOW_TVOL_AGE_VOL_RT,BA:660,AGE_AGGREGATE_TOTAL,VOL_TYPE_TOTAL,2019,7,I33:5717,S16:5840
GTM,FOW_TVOL_AGE_VOL_RT,BA:660,AGE_AGGREGATE_Y15-24,VOL_TYPE_TOTAL,2019,4.6,I33:5717,S16:5840
GTM,FOW_TVOL_AGE_VOL_RT,BA:660,AGE_AGGREGATE_Y25-64,VOL_TYPE_TOTAL,2019,8,I33:5717,S16:5840
GTM,FOW_TVOL_AGE_VOL_RT,BA:660,AGE_AGGREGATE_YGE65,VOL_TYPE_TOTAL,2019,8.2,I33:5717,S16:5840
HRV,FOW_TVOL_AGE_VOL_RT,BB:5862,AGE_AGGREGATE_TOTAL,VOL_TYPE_ORG,2015,9.7,,S16:5832_T2:85
HRV,FOW_TVOL_AGE_VOL_RT,BB:5862,AGE_AGGREGATE_TOTAL,VOL_TYPE_DIRECT,2015,17.2,,S16:5832_T2:85
HRV,FOW_TVOL_AGE_VOL_RT,BB:5862,AGE_AGGREGATE_Y15-24,VOL_TYPE_ORG,2015,14,,S16:5832_T2:85
HRV,FOW_TVOL_AGE_VOL_RT,BB:5862,AGE_AGGREGATE_Y15-24,VOL_TYPE_DIRECT,2015,16.8,,S16:5832_T2:85
HRV,FOW_TVOL_AGE_VOL_RT,BB:5862,AGE_AGGREGATE_Y25-64,VOL_TYPE_ORG,2015,10.6,,S16:5832_T2:85
HRV,FOW_TVOL_AGE_VOL_RT,BB:5862,AGE_AGGREGATE_Y25-64,VOL_TYPE_DIRECT,2015,19.9,,S16:5832_T2:85
HRV,FOW_TVOL_AGE_VOL_RT,BB:5862,AGE_AGGREGATE_YGE65,VOL_TYPE_ORG,2015,4.4,,S16:5832_T2:85
HRV,FOW_TVOL_AGE_VOL_RT,BB:5862,AGE_AGGREGATE_YGE65,VOL_TYPE_DIRECT,2015,9.6,,S16:5832_T2:85
HUN,FOW_TVOL_AGE_VOL_RT,BA:656,AGE_AGGREGATE_TOTAL,VOL_TYPE_TOTAL,2020,30.6,I33:5716,S16:5832_T3:104
HUN,FOW_TVOL_AGE_VOL_RT,BA:656,AGE_AGGREGATE_TOTAL,VOL_TYPE_ORG,2020,2.5,I33:5716,S16:5832_T3:104
HUN,FOW_TVOL_AGE_VOL_RT,BA:656,AGE_AGGREGATE_TOTAL,VOL_TYPE_DIRECT,2020,28.9,I33:5716,S16:5832_T3:104
HUN,FOW_TVOL_AGE_VOL_RT,BA:656,AGE_AGGREGATE_Y15-24,VOL_TYPE_TOTAL,2020,26.4,I33:5716,S16:5832_T3:104
HUN,FOW_TVOL_AGE_VOL_RT,BA:656,AGE_AGGREGATE_Y15-24,VOL_TYPE_ORG,2020,7.2,I33:5716,S16:5832_T3:104
HUN,FOW_TVOL_AGE_VOL_RT,BA:656,AGE_AGGREGATE_Y15-24,VOL_TYPE_DIRECT,2020,20.6,I33:5716,S16:5832_T3:104
HUN,FOW_TVOL_AGE_VOL_RT,BA:656,AGE_AGGREGATE_Y25-64,VOL_TYPE_TOTAL,2020,32.4,I33:5716,S16:5832_T3:104
HUN,FOW_TVOL_AGE_VOL_RT,BA:656,AGE_AGGREGATE_Y25-64,VOL_TYPE_ORG,2020,1.9,I33:5716,S16:5832_T3:104
HUN,FOW_TVOL_AGE_VOL_RT,BA:656,AGE_AGGREGATE_Y25-64,VOL_TYPE_DIRECT,2020,31.2,I33:5716,S16:5832_T3:104
HUN,FOW_TVOL_AGE_VOL_RT,BA:656,AGE_AGGREGATE_YGE65,VOL_TYPE_TOTAL,2020,26.1,I33:5716,S16:5832_T3:104
HUN,FOW_TVOL_AGE_VOL_RT,BA:656,AGE_AGGREGATE_YGE65,VOL_TYPE_ORG,2020,1.3,I33:5716,S16:5832_T3:104
HUN,FOW_TVOL_AGE_VOL_RT,BA:656,AGE_AGGREGATE_YGE65,VOL_TYPE_DIRECT,2020,25.3,I33:5716,S16:5832_T3:104
HUN,FOW_TVOL_AGE_VOL_RT,BA:656,AGE_AGGREGATE_TOTAL,VOL_TYPE_TOTAL,2019,33.2,I33:5716,S16:5832_T3:104
HUN,FOW_TVOL_AGE_VOL_RT,BA:656,AGE_AGGREGATE_TOTAL,VOL_TYPE_ORG,2019,3.7,I33:5716,S16:5832_T3:104
HUN,FOW_TVOL_AGE_VOL_RT,BA:656,AGE_AGGREGATE_TOTAL,VOL_TYPE_DIRECT,2019,30.4,I33:5716,S16:5832_T3:104
HUN,FOW_TVOL_AGE_VOL_RT,BA:656,AGE_AGGREGATE_Y15-24,VOL_TYPE_TOTAL,2019,32.7,I33:5716,S16:5832_T3:104
HUN,FOW_TVOL_AGE_VOL_RT,BA:656,AGE_AGGREGATE_Y15-24,VOL_TYPE_ORG,2019,13.1,I33:5716,S16:5832_T3:104
HUN,FOW_TVOL_AGE_VOL_RT,BA:656,AGE_AGGREGATE_Y15-24,VOL_TYPE_DIRECT,2019,21.4,I33:5716,S16:5832_T3:104
HUN,FOW_TVOL_AGE_VOL_RT,BA:656,AGE_AGGREGATE_Y25-64,VOL_TYPE_TOTAL,2019,33.2,I33:5716,S16:5832_T3:104
HUN,FOW_TVOL_AGE_VOL_RT,BA:656,AGE_AGGREGATE_Y25-64,VOL_TYPE_ORG,2019,2.3,I33:5716,S16:5832_T3:104
HUN,FOW_TVOL_AGE_VOL_RT,BA:656,AGE_AGGREGATE_Y25-64,VOL_TYPE_DIRECT,2019,31.7,I33:5716,S16:5832_T3:104
HUN,FOW_TVOL_AGE_VOL_RT,BA:656,AGE_AGGREGATE_YGE65,VOL_TYPE_TOTAL,2019,33.4,I33:5716,S16:5832_T3:104
HUN,FOW_TVOL_AGE_VOL_RT,BA:656,AGE_AGGREGATE_YGE65,VOL_TYPE_ORG,2019,1.9,I33:5716,S16:5832_T3:104
HUN,FOW_TVOL_AGE_VOL_RT,BA:656,AGE_AGGREGATE_YGE65,VOL_TYPE_DIRECT,2019,32.3,I33:5716,S16:5832_T3:104
HUN,FOW_TVOL_AGE_VOL_RT,BA:656,AGE_AGGREGATE_TOTAL,VOL_TYPE_TOTAL,2017,36.7,I33:5716,S16:5832_T3:104
HUN,FOW_TVOL_AGE_VOL_RT,BA:656,AGE_AGGREGATE_TOTAL,VOL_TYPE_ORG,2017,3.5,I33:5716,S16:5832_T3:104
HUN,FOW_TVOL_AGE_VOL_RT,BA:656,AGE_AGGREGATE_TOTAL,VOL_TYPE_DIRECT,2017,34.1,I33:5716,S16:5832_T3:104
HUN,FOW_TVOL_AGE_VOL_RT,BA:656,AGE_AGGREGATE_Y15-24,VOL_TYPE_TOTAL,2017,32.2,I33:5716,S16:5832_T3:104
HUN,FOW_TVOL_AGE_VOL_RT,BA:656,AGE_AGGREGATE_Y15-24,VOL_TYPE_ORG,2017,11.3,I33:5716,S16:5832_T3:104
HUN,FOW_TVOL_AGE_VOL_RT,BA:656,AGE_AGGREGATE_Y15-24,VOL_TYPE_DIRECT,2017,22.3,I33:5716,S16:5832_T3:104
HUN,FOW_TVOL_AGE_VOL_RT,BA:656,AGE_AGGREGATE_Y25-64,VOL_TYPE_TOTAL,2017,37.5,I33:5716,S16:5832_T3:104
HUN,FOW_TVOL_AGE_VOL_RT,BA:656,AGE_AGGREGATE_Y25-64,VOL_TYPE_ORG,2017,2.3,I33:5716,S16:5832_T3:104
HUN,FOW_TVOL_AGE_VOL_RT,BA:656,AGE_AGGREGATE_Y25-64,VOL_TYPE_DIRECT,2017,36.1,I33:5716,S16:5832_T3:104
HUN,FOW_TVOL_AGE_VOL_RT,BA:656,AGE_AGGREGATE_YGE65,VOL_TYPE_TOTAL,2017,37.2,I33:5716,S16:5832_T3:104
HUN,FOW_TVOL_AGE_VOL_RT,BA:656,AGE_AGGREGATE_YGE65,VOL_TYPE_ORG,2017,1.8,I33:5716,S16:5832_T3:104
HUN,FOW_TVOL_AGE_VOL_RT,BA:656,AGE_AGGREGATE_YGE65,VOL_TYPE_DIRECT,2017,36.1,I33:5716,S16:5832_T3:104
HUN,FOW_TVOL_AGE_VOL_RT,BA:656,AGE_AGGREGATE_TOTAL,VOL_TYPE_TOTAL,2014,34.3,I33:5716,S16:5832_T3:104
HUN,FOW_TVOL_AGE_VOL_RT,BA:656,AGE_AGGREGATE_TOTAL,VOL_TYPE_ORG,2014,2,I33:5716,S16:5832_T3:104
HUN,FOW_TVOL_AGE_VOL_RT,BA:656,AGE_AGGREGATE_TOTAL,VOL_TYPE_DIRECT,2014,33.2,I33:5716,S16:5832_T3:104
HUN,FOW_TVOL_AGE_VOL_RT,BA:656,AGE_AGGREGATE_Y15-24,VOL_TYPE_TOTAL,2014,25.9,I33:5716,S16:5832_T3:104
HUN,FOW_TVOL_AGE_VOL_RT,BA:656,AGE_AGGREGATE_Y15-24,VOL_TYPE_ORG,2014,2.2,I33:5716,S16:5832_T3:104
HUN,FOW_TVOL_AGE_VOL_RT,BA:656,AGE_AGGREGATE_Y15-24,VOL_TYPE_DIRECT,2014,24.3,I33:5716,S16:5832_T3:104
HUN,FOW_TVOL_AGE_VOL_RT,BA:656,AGE_AGGREGATE_Y25-64,VOL_TYPE_TOTAL,2014,36.8,I33:5716,S16:5832_T3:104
HUN,FOW_TVOL_AGE_VOL_RT,BA:656,AGE_AGGREGATE_Y25-64,VOL_TYPE_ORG,2014,2.1,I33:5716,S16:5832_T3:104
HUN,FOW_TVOL_AGE_VOL_RT,BA:656,AGE_AGGREGATE_Y25-64,VOL_TYPE_DIRECT,2014,35.7,I33:5716,S16:5832_T3:104
HUN,FOW_TVOL_AGE_VOL_RT,BA:656,AGE_AGGREGATE_YGE65,VOL_TYPE_TOTAL,2014,30.4,I33:5716,S16:5832_T3:104
HUN,FOW_TVOL_AGE_VOL_RT,BA:656,AGE_AGGREGATE_YGE65,VOL_TYPE_ORG,2014,1.3,I33:5716,S16:5832_T3:104
HUN,FOW_TVOL_AGE_VOL_RT,BA:656,AGE_AGGREGATE_YGE65,VOL_TYPE_DIRECT,2014,29.7,I33:5716,S16:5832_T3:104
HUN,FOW_TVOL_AGE_VOL_RT,BA:656,AGE_AGGREGATE_TOTAL,VOL_TYPE_TOTAL,2011,28.4,I33:5716,S16:5832_T3:104
HUN,FOW_TVOL_AGE_VOL_RT,BA:656,AGE_AGGREGATE_TOTAL,VOL_TYPE_ORG,2011,1.9,I33:5716,S16:5832_T3:104
HUN,FOW_TVOL_AGE_VOL_RT,BA:656,AGE_AGGREGATE_TOTAL,VOL_TYPE_DIRECT,2011,27.4,I33:5716,S16:5832_T3:104
HUN,FOW_TVOL_AGE_VOL_RT,BA:656,AGE_AGGREGATE_Y15-24,VOL_TYPE_TOTAL,2011,20.2,I33:5716,S16:5832_T3:104
HUN,FOW_TVOL_AGE_VOL_RT,BA:656,AGE_AGGREGATE_Y15-24,VOL_TYPE_ORG,2011,1.8,I33:5716,S16:5832_T3:104
HUN,FOW_TVOL_AGE_VOL_RT,BA:656,AGE_AGGREGATE_Y15-24,VOL_TYPE_DIRECT,2011,19.1,I33:5716,S16:5832_T3:104
HUN,FOW_TVOL_AGE_VOL_RT,BA:656,AGE_AGGREGATE_Y25-64,VOL_TYPE_TOTAL,2011,30.4,I33:5716,S16:5832_T3:104
HUN,FOW_TVOL_AGE_VOL_RT,BA:656,AGE_AGGREGATE_Y25-64,VOL_TYPE_ORG,2011,2,I33:5716,S16:5832_T3:104
HUN,FOW_TVOL_AGE_VOL_RT,BA:656,AGE_AGGREGATE_Y25-64,VOL_TYPE_DIRECT,2011,29.3,I33:5716,S16:5832_T3:104
HUN,FOW_TVOL_AGE_VOL_RT,BA:656,AGE_AGGREGATE_YGE65,VOL_TYPE_TOTAL,2011,26.8,I33:5716,S16:5832_T3:104
HUN,FOW_TVOL_AGE_VOL_RT,BA:656,AGE_AGGREGATE_YGE65,VOL_TYPE_ORG,2011,1.3,I33:5716,S16:5832_T3:104
HUN,FOW_TVOL_AGE_VOL_RT,BA:656,AGE_AGGREGATE_YGE65,VOL_TYPE_DIRECT,2011,26,I33:5716,S16:5832_T3:104
HUN,FOW_TVOL_AGE_VOL_RT,BB:3062,AGE_AGGREGATE_TOTAL,VOL_TYPE_ORG,2015,6.9,,S16:5832_T2:85
HUN,FOW_TVOL_AGE_VOL_RT,BB:3062,AGE_AGGREGATE_TOTAL,VOL_TYPE_DIRECT,2015,7.8,,S16:5832_T2:85
HUN,FOW_TVOL_AGE_VOL_RT,BB:3062,AGE_AGGREGATE_Y15-24,VOL_TYPE_ORG,2015,12,,S16:5832_T2:85
HUN,FOW_TVOL_AGE_VOL_RT,BB:3062,AGE_AGGREGATE_Y15-24,VOL_TYPE_DIRECT,2015,11.4,,S16:5832_T2:85
HUN,FOW_TVOL_AGE_VOL_RT,BB:3062,AGE_AGGREGATE_Y25-64,VOL_TYPE_ORG,2015,6.9,,S16:5832_T2:85
HUN,FOW_TVOL_AGE_VOL_RT,BB:3062,AGE_AGGREGATE_Y25-64,VOL_TYPE_DIRECT,2015,8.1,,S16:5832_T2:85
HUN,FOW_TVOL_AGE_VOL_RT,BB:3062,AGE_AGGREGATE_YGE65,VOL_TYPE_ORG,2015,3.6,,S16:5832_T2:85
HUN,FOW_TVOL_AGE_VOL_RT,BB:3062,AGE_AGGREGATE_YGE65,VOL_TYPE_DIRECT,2015,4.5,,S16:5832_T2:85
IDN,FOW_TVOL_AGE_VOL_RT,BA:510,AGE_AGGREGATE_TOTAL,VOL_TYPE_TOTAL,2018,14.4,I33:5717,S16:5837
IDN,FOW_TVOL_AGE_VOL_RT,BA:510,AGE_AGGREGATE_Y15-24,VOL_TYPE_TOTAL,2018,10,I33:5717,S16:5837
IDN,FOW_TVOL_AGE_VOL_RT,BA:510,AGE_AGGREGATE_Y25-64,VOL_TYPE_TOTAL,2018,16.3,I33:5717,S16:5837
IDN,FOW_TVOL_AGE_VOL_RT,BA:510,AGE_AGGREGATE_YGE65,VOL_TYPE_TOTAL,2018,10,I33:5717,S16:5837
IDN,FOW_TVOL_AGE_VOL_RT,BA:510,AGE_AGGREGATE_TOTAL,VOL_TYPE_TOTAL,2017,11.5,I33:5717,S16:5837
IDN,FOW_TVOL_AGE_VOL_RT,BA:510,AGE_AGGREGATE_Y15-24,VOL_TYPE_TOTAL,2017,8.3,I33:5717,S16:5837
IDN,FOW_TVOL_AGE_VOL_RT,BA:510,AGE_AGGREGATE_Y25-64,VOL_TYPE_TOTAL,2017,13,I33:5717,S16:5837
IDN,FOW_TVOL_AGE_VOL_RT,BA:510,AGE_AGGREGATE_YGE65,VOL_TYPE_TOTAL,2017,7.9,I33:5717,S16:5837
IRL,FOW_TVOL_AGE_VOL_RT,BA:405,AGE_AGGREGATE_TOTAL,VOL_TYPE_TOTAL,2013,28.4,,S16:5837
IRL,FOW_TVOL_AGE_VOL_RT,BA:405,AGE_AGGREGATE_Y15-24,VOL_TYPE_TOTAL,2013,16.8,,S16:5837
IRL,FOW_TVOL_AGE_VOL_RT,BA:405,AGE_AGGREGATE_Y25-64,VOL_TYPE_TOTAL,2013,34,,S16:5837
IRL,FOW_TVOL_AGE_VOL_RT,BA:405,AGE_AGGREGATE_YGE65,VOL_TYPE_TOTAL,2013,27.8,,S16:5837
IRL,FOW_TVOL_AGE_VOL_RT,BB:3073,AGE_AGGREGATE_TOTAL,VOL_TYPE_ORG,2015,29,,S16:5832_T2:85
IRL,FOW_TVOL_AGE_VOL_RT,BB:3073,AGE_AGGREGATE_TOTAL,VOL_TYPE_DIRECT,2015,37.6,,S16:5832_T2:85
IRL,FOW_TVOL_AGE_VOL_RT,BB:3073,AGE_AGGREGATE_Y15-24,VOL_TYPE_ORG,2015,26.5,,S16:5832_T2:85
IRL,FOW_TVOL_AGE_VOL_RT,BB:3073,AGE_AGGREGATE_Y15-24,VOL_TYPE_DIRECT,2015,28.9,,S16:5832_T2:85
IRL,FOW_TVOL_AGE_VOL_RT,BB:3073,AGE_AGGREGATE_Y25-64,VOL_TYPE_ORG,2015,30.8,,S16:5832_T2:85
IRL,FOW_TVOL_AGE_VOL_RT,BB:3073,AGE_AGGREGATE_Y25-64,VOL_TYPE_DIRECT,2015,39.4,,S16:5832_T2:85
IRL,FOW_TVOL_AGE_VOL_RT,BB:3073,AGE_AGGREGATE_YGE65,VOL_TYPE_ORG,2015,23.7,,S16:5832_T2:85
IRL,FOW_TVOL_AGE_VOL_RT,BB:3073,AGE_AGGREGATE_YGE65,VOL_TYPE_DIRECT,2015,34.1,,S16:5832_T2:85
ISL,FOW_TVOL_AGE_VOL_RT,BB:3061,AGE_AGGREGATE_TOTAL,VOL_TYPE_ORG,2015,32.8,,S16:5832_T2:85
ISL,FOW_TVOL_AGE_VOL_RT,BB:3061,AGE_AGGREGATE_TOTAL,VOL_TYPE_DIRECT,2015,64.8,,S16:5832_T2:85
ISL,FOW_TVOL_AGE_VOL_RT,BB:3061,AGE_AGGREGATE_Y15-24,VOL_TYPE_ORG,2015,34,,S16:5832_T2:85
ISL,FOW_TVOL_AGE_VOL_RT,BB:3061,AGE_AGGREGATE_Y15-24,VOL_TYPE_DIRECT,2015,65.5,,S16:5832_T2:85
ISL,FOW_TVOL_AGE_VOL_RT,BB:3061,AGE_AGGREGATE_Y25-64,VOL_TYPE_ORG,2015,35.7,,S16:5832_T2:85
ISL,FOW_TVOL_AGE_VOL_RT,BB:3061,AGE_AGGREGATE_Y25-64,VOL_TYPE_DIRECT,2015,68.7,,S16:5832_T2:85
ISL,FOW_TVOL_AGE_VOL_RT,BB:3061,AGE_AGGREGATE_YGE65,VOL_TYPE_ORG,2015,20.7,,S16:5832_T2:85
ISL,FOW_TVOL_AGE_VOL_RT,BB:3061,AGE_AGGREGATE_YGE65,VOL_TYPE_DIRECT,2015,49.3,,S16:5832_T2:85
ITA,FOW_TVOL_AGE_VOL_RT,BB:3069,AGE_AGGREGATE_TOTAL,VOL_TYPE_ORG,2015,12,,S16:5832_T2:85
ITA,FOW_TVOL_AGE_VOL_RT,BB:3069,AGE_AGGREGATE_TOTAL,VOL_TYPE_DIRECT,2015,11.2,,S16:5832_T2:85
ITA,FOW_TVOL_AGE_VOL_RT,BB:3069,AGE_AGGREGATE_Y15-24,VOL_TYPE_ORG,2015,16.2,,S16:5832_T2:85
ITA,FOW_TVOL_AGE_VOL_RT,BB:3069,AGE_AGGREGATE_Y15-24,VOL_TYPE_DIRECT,2015,11.8,,S16:5832_T2:85
ITA,FOW_TVOL_AGE_VOL_RT,BB:3069,AGE_AGGREGATE_Y25-64,VOL_TYPE_ORG,2015,12.6,,S16:5832_T2:85
ITA,FOW_TVOL_AGE_VOL_RT,BB:3069,AGE_AGGREGATE_Y25-64,VOL_TYPE_DIRECT,2015,12.1,,S16:5832_T2:85
ITA,FOW_TVOL_AGE_VOL_RT,BB:3069,AGE_AGGREGATE_YGE65,VOL_TYPE_ORG,2015,8.6,,S16:5832_T2:85
ITA,FOW_TVOL_AGE_VOL_RT,BB:3069,AGE_AGGREGATE_YGE65,VOL_TYPE_DIRECT,2015,8.5,,S16:5832_T2:85
KEN,FOW_TVOL_AGE_VOL_RT,BB:7021,AGE_AGGREGATE_TOTAL,VOL_TYPE_TOTAL,2016,0.3,I33:5717,S16:5840_T2:79
KEN,FOW_TVOL_AGE_VOL_RT,BB:7021,AGE_AGGREGATE_Y15-24,VOL_TYPE_TOTAL,2016,0.2,I33:5717,S16:5840_T2:79
KEN,FOW_TVOL_AGE_VOL_RT,BB:7021,AGE_AGGREGATE_Y25-64,VOL_TYPE_TOTAL,2016,0.5,I33:5717,S16:5840_T2:79
KEN,FOW_TVOL_AGE_VOL_RT,BB:7021,AGE_AGGREGATE_YGE65,VOL_TYPE_TOTAL,2016,0.5,I33:5717,S16:5840_T2:79
LTU,FOW_TVOL_AGE_VOL_RT,BB:3065,AGE_AGGREGATE_TOTAL,VOL_TYPE_ORG,2015,16.3,,S16:5832_T2:85
LTU,FOW_TVOL_AGE_VOL_RT,BB:3065,AGE_AGGREGATE_TOTAL,VOL_TYPE_DIRECT,2015,16.3,,S16:5832_T2:85
LTU,FOW_TVOL_AGE_VOL_RT,BB:3065,AGE_AGGREGATE_Y15-24,VOL_TYPE_ORG,2015,16.8,,S16:5832_T2:85
LTU,FOW_TVOL_AGE_VOL_RT,BB:3065,AGE_AGGREGATE_Y15-24,VOL_TYPE_DIRECT,2015,24,,S16:5832_T2:85
LTU,FOW_TVOL_AGE_VOL_RT,BB:3065,AGE_AGGREGATE_Y25-64,VOL_TYPE_ORG,2015,18.7,,S16:5832_T2:85
LTU,FOW_TVOL_AGE_VOL_RT,BB:3065,AGE_AGGREGATE_Y25-64,VOL_TYPE_DIRECT,2015,17.7,,S16:5832_T2:85
LTU,FOW_TVOL_AGE_VOL_RT,BB:3065,AGE_AGGREGATE_YGE65,VOL_TYPE_ORG,2015,9.3,,S16:5832_T2:85
LTU,FOW_TVOL_AGE_VOL_RT,BB:3065,AGE_AGGREGATE_YGE65,VOL_TYPE_DIRECT,2015,7.5,,S16:5832_T2:85
LUX,FOW_TVOL_AGE_VOL_RT,BB:6341,AGE_AGGREGATE_TOTAL,VOL_TYPE_ORG,2015,36.7,,S16:5832_T2:85
LUX,FOW_TVOL_AGE_VOL_RT,BB:6341,AGE_AGGREGATE_TOTAL,VOL_TYPE_DIRECT,2015,30.3,,S16:5832_T2:85
LUX,FOW_TVOL_AGE_VOL_RT,BB:6341,AGE_AGGREGATE_Y15-24,VOL_TYPE_ORG,2015,41.4,,S16:5832_T2:85
LUX,FOW_TVOL_AGE_VOL_RT,BB:6341,AGE_AGGREGATE_Y15-24,VOL_TYPE_DIRECT,2015,29.9,,S16:5832_T2:85
LUX,FOW_TVOL_AGE_VOL_RT,BB:6341,AGE_AGGREGATE_Y25-64,VOL_TYPE_ORG,2015,36.5,,S16:5832_T2:85
LUX,FOW_TVOL_AGE_VOL_RT,BB:6341,AGE_AGGREGATE_Y25-64,VOL_TYPE_DIRECT,2015,31,,S16:5832_T2:85
LUX,FOW_TVOL_AGE_VOL_RT,BB:6341,AGE_AGGREGATE_YGE65,VOL_TYPE_ORG,2015,33.8,,S16:5832_T2:85
LUX,FOW_TVOL_AGE_VOL_RT,BB:6341,AGE_AGGREGATE_YGE65,VOL_TYPE_DIRECT,2015,27.4,,S16:5832_T2:85
LVA,FOW_TVOL_AGE_VOL_RT,BB:3074,AGE_AGGREGATE_TOTAL,VOL_TYPE_ORG,2015,7.3,,S16:5832_T2:85
LVA,FOW_TVOL_AGE_VOL_RT,BB:3074,AGE_AGGREGATE_TOTAL,VOL_TYPE_DIRECT,2015,28.3,,S16:5832_T2:85
LVA,FOW_TVOL_AGE_VOL_RT,BB:3074,AGE_AGGREGATE_Y15-24,VOL_TYPE_ORG,2015,8.2,,S16:5832_T2:85
LVA,FOW_TVOL_AGE_VOL_RT,BB:3074,AGE_AGGREGATE_Y15-24,VOL_TYPE_DIRECT,2015,23.8,,S16:5832_T2:85
LVA,FOW_TVOL_AGE_VOL_RT,BB:3074,AGE_AGGREGATE_Y25-64,VOL_TYPE_ORG,2015,8.2,,S16:5832_T2:85
LVA,FOW_TVOL_AGE_VOL_RT,BB:3074,AGE_AGGREGATE_Y25-64,VOL_TYPE_DIRECT,2015,31.5,,S16:5832_T2:85
LVA,FOW_TVOL_AGE_VOL_RT,BB:3074,AGE_AGGREGATE_YGE65,VOL_TYPE_ORG,2015,4.1,,S16:5832_T2:85
LVA,FOW_TVOL_AGE_VOL_RT,BB:3074,AGE_AGGREGATE_YGE65,VOL_TYPE_DIRECT,2015,21.5,,S16:5832_T2:85
MKD,FOW_TVOL_AGE_VOL_RT,BB:13357,AGE_AGGREGATE_TOTAL,VOL_TYPE_ORG,2015,11.2,,S16:5832_T2:85
MKD,FOW_TVOL_AGE_VOL_RT,BB:13357,AGE_AGGREGATE_TOTAL,VOL_TYPE_DIRECT,2015,21.9,,S16:5832_T2:85
MKD,FOW_TVOL_AGE_VOL_RT,BB:13357,AGE_AGGREGATE_Y15-24,VOL_TYPE_ORG,2015,14.4,,S16:5832_T2:85
MKD,FOW_TVOL_AGE_VOL_RT,BB:13357,AGE_AGGREGATE_Y15-24,VOL_TYPE_DIRECT,2015,25.9,,S16:5832_T2:85
MKD,FOW_TVOL_AGE_VOL_RT,BB:13357,AGE_AGGREGATE_Y25-64,VOL_TYPE_ORG,2015,12,,S16:5832_T2:85
MKD,FOW_TVOL_AGE_VOL_RT,BB:13357,AGE_AGGREGATE_Y25-64,VOL_TYPE_DIRECT,2015,23.5,,S16:5832_T2:85
MKD,FOW_TVOL_AGE_VOL_RT,BB:13357,AGE_AGGREGATE_YGE65,VOL_TYPE_ORG,2015,5,,S16:5832_T2:85
MKD,FOW_TVOL_AGE_VOL_RT,BB:13357,AGE_AGGREGATE_YGE65,VOL_TYPE_DIRECT,2015,11.4,,S16:5832_T2:85
MLT,FOW_TVOL_AGE_VOL_RT,BB:342,AGE_AGGREGATE_TOTAL,VOL_TYPE_ORG,2015,8.7,,S16:5832_T2:85
MLT,FOW_TVOL_AGE_VOL_RT,BB:342,AGE_AGGREGATE_TOTAL,VOL_TYPE_DIRECT,2015,0.9,,S16:5832_T2:85
MLT,FOW_TVOL_AGE_VOL_RT,BB:342,AGE_AGGREGATE_Y15-24,VOL_TYPE_ORG,2015,5,,S16:5832_T2:85
MLT,FOW_TVOL_AGE_VOL_RT,BB:342,AGE_AGGREGATE_Y15-24,VOL_TYPE_DIRECT,2015,0.4,,S16:5832_T2:85
MLT,FOW_TVOL_AGE_VOL_RT,BB:342,AGE_AGGREGATE_Y25-64,VOL_TYPE_ORG,2015,9,,S16:5832_T2:85
MLT,FOW_TVOL_AGE_VOL_RT,BB:342,AGE_AGGREGATE_Y25-64,VOL_TYPE_DIRECT,2015,0.9,,S16:5832_T2:85
MLT,FOW_TVOL_AGE_VOL_RT,BB:342,AGE_AGGREGATE_YGE65,VOL_TYPE_ORG,2015,10.2,,S16:5832_T2:85
MLT,FOW_TVOL_AGE_VOL_RT,BB:342,AGE_AGGREGATE_YGE65,VOL_TYPE_DIRECT,2015,1,,S16:5832_T2:85
MNG,FOW_TVOL_AGE_VOL_RT,BA:702,AGE_AGGREGATE_TOTAL,VOL_TYPE_TOTAL,2018,4.5,I33:5717,S16:5840
MNG,FOW_TVOL_AGE_VOL_RT,BA:702,AGE_AGGREGATE_Y15-24,VOL_TYPE_TOTAL,2018,3.1,I33:5717,S16:5840
MNG,FOW_TVOL_AGE_VOL_RT,BA:702,AGE_AGGREGATE_Y25-64,VOL_TYPE_TOTAL,2018,4.8,I33:5717,S16:5840
MNG,FOW_TVOL_AGE_VOL_RT,BA:702,AGE_AGGREGATE_YGE65,VOL_TYPE_TOTAL,2018,4.8,I33:5717,S16:5840
MNG,FOW_TVOL_AGE_VOL_RT,BA:702,AGE_AGGREGATE_TOTAL,VOL_TYPE_TOTAL,2017,4.6,I33:5717,S16:5840
MNG,FOW_TVOL_AGE_VOL_RT,BA:702,AGE_AGGREGATE_Y15-24,VOL_TYPE_TOTAL,2017,3.9,I33:5717,S16:5840
MNG,FOW_TVOL_AGE_VOL_RT,BA:702,AGE_AGGREGATE_Y25-64,VOL_TYPE_TOTAL,2017,4.8,I33:5717,S16:5840
MNG,FOW_TVOL_AGE_VOL_RT,BA:702,AGE_AGGREGATE_YGE65,VOL_TYPE_TOTAL,2017,3.2,I33:5717,S16:5840
MNG,FOW_TVOL_AGE_VOL_RT,BA:702,AGE_AGGREGATE_TOTAL,VOL_TYPE_TOTAL,2016,3.9,I33:5717,S16:5840
MNG,FOW_TVOL_AGE_VOL_RT,BA:702,AGE_AGGREGATE_Y15-24,VOL_TYPE_TOTAL,2016,3,I33:5717,S16:5840
MNG,FOW_TVOL_AGE_VOL_RT,BA:702,AGE_AGGREGATE_Y25-64,VOL_TYPE_TOTAL,2016,4.2,I33:5717,S16:5840
MNG,FOW_TVOL_AGE_VOL_RT,BA:702,AGE_AGGREGATE_YGE65,VOL_TYPE_TOTAL,2016,3.4,I33:5717,S16:5840
MNG,FOW_TVOL_AGE_VOL_RT,BA:702,AGE_AGGREGATE_TOTAL,VOL_TYPE_TOTAL,2015,4.1,I33:5717,S16:5840
MNG,FOW_TVOL_AGE_VOL_RT,BA:702,AGE_AGGREGATE_Y15-24,VOL_TYPE_TOTAL,2015,3.3,I33:5717,S16:5840
MNG,FOW_TVOL_AGE_VOL_RT,BA:702,AGE_AGGREGATE_Y25-64,VOL_TYPE_TOTAL,2015,4.5,I33:5717,S16:5840
MNG,FOW_TVOL_AGE_VOL_RT,BA:702,AGE_AGGREGATE_YGE65,VOL_TYPE_TOTAL,2015,2.6,I33:5717,S16:5840
MNG,FOW_TVOL_AGE_VOL_RT,BA:702,AGE_AGGREGATE_TOTAL,VOL_TYPE_TOTAL,2014,4.8,I33:5717,S16:5840
MNG,FOW_TVOL_AGE_VOL_RT,BA:702,AGE_AGGREGATE_Y15-24,VOL_TYPE_TOTAL,2014,3.3,I33:5717,S16:5840
MNG,FOW_TVOL_AGE_VOL_RT,BA:702,AGE_AGGREGATE_Y25-64,VOL_TYPE_TOTAL,2014,5.3,I33:5717,S16:5840
MNG,FOW_TVOL_AGE_VOL_RT,BA:702,AGE_AGGREGATE_YGE65,VOL_TYPE_TOTAL,2014,3.7,I33:5717,S16:5840
MNG,FOW_TVOL_AGE_VOL_RT,BA:702,AGE_AGGREGATE_TOTAL,VOL_TYPE_TOTAL,2013,5.1,I33:5717,S16:5840
MNG,FOW_TVOL_AGE_VOL_RT,BA:702,AGE_AGGREGATE_Y15-24,VOL_TYPE_TOTAL,2013,3.5,I33:5717,S16:5840
MNG,FOW_TVOL_AGE_VOL_RT,BA:702,AGE_AGGREGATE_Y25-64,VOL_TYPE_TOTAL,2013,5.7,I33:5717,S16:5840
MNG,FOW_TVOL_AGE_VOL_RT,BA:702,AGE_AGGREGATE_YGE65,VOL_TYPE_TOTAL,2013,4.4,I33:5717,S16:5840
MNG,FOW_TVOL_AGE_VOL_RT,BA:702,AGE_AGGREGATE_TOTAL,VOL_TYPE_TOTAL,2012,4.4,I33:5717,S16:5840
MNG,FOW_TVOL_AGE_VOL_RT,BA:702,AGE_AGGREGATE_Y15-24,VOL_TYPE_TOTAL,2012,2.6,I33:5717,S16:5840
MNG,FOW_TVOL_AGE_VOL_RT,BA:702,AGE_AGGREGATE_Y25-64,VOL_TYPE_TOTAL,2012,5.7,I33:5717,S16:5840
MNG,FOW_TVOL_AGE_VOL_RT,BA:702,AGE_AGGREGATE_YGE65,VOL_TYPE_TOTAL,2012,4.8,I33:5717,S16:5840
MNG,FOW_TVOL_AGE_VOL_RT,BA:702,AGE_AGGREGATE_TOTAL,VOL_TYPE_TOTAL,2011,2,I33:5717,S16:5840
MNG,FOW_TVOL_AGE_VOL_RT,BA:702,AGE_AGGREGATE_Y15-24,VOL_TYPE_TOTAL,2011,0.9,I33:5717,S16:5840
MNG,FOW_TVOL_AGE_VOL_RT,BA:702,AGE_AGGREGATE_Y25-64,VOL_TYPE_TOTAL,2011,2.9,I33:5717,S16:5840
MNG,FOW_TVOL_AGE_VOL_RT,BA:702,AGE_AGGREGATE_YGE65,VOL_TYPE_TOTAL,2011,1.6,I33:5717,S16:5840
MNG,FOW_TVOL_AGE_VOL_RT,BA:702,AGE_AGGREGATE_TOTAL,VOL_TYPE_TOTAL,2010,1.8,I33:5717,S16:5840
MNG,FOW_TVOL_AGE_VOL_RT,BA:702,AGE_AGGREGATE_Y15-24,VOL_TYPE_TOTAL,2010,0.7,I33:5717,S16:5840
MNG,FOW_TVOL_AGE_VOL_RT,BA:702,AGE_AGGREGATE_Y25-64,VOL_TYPE_TOTAL,2010,2.7,I33:5717,S16:5840
MNG,FOW_TVOL_AGE_VOL_RT,BA:702,AGE_AGGREGATE_YGE65,VOL_TYPE_TOTAL,2010,1.6,I33:5717,S16:5840
MNG,FOW_TVOL_AGE_VOL_RT,BA:702,AGE_AGGREGATE_TOTAL,VOL_TYPE_TOTAL,2009,1.9,I33:5717,S16:5840
MNG,FOW_TVOL_AGE_VOL_RT,BA:702,AGE_AGGREGATE_Y15-24,VOL_TYPE_TOTAL,2009,0.9,I33:5717,S16:5840
MNG,FOW_TVOL_AGE_VOL_RT,BA:702,AGE_AGGREGATE_Y25-64,VOL_TYPE_TOTAL,2009,2.8,I33:5717,S16:5840
MNG,FOW_TVOL_AGE_VOL_RT,BA:702,AGE_AGGREGATE_YGE65,VOL_TYPE_TOTAL,2009,1.5,I33:5717,S16:5840
MNG,FOW_TVOL_AGE_VOL_RT,BA:702,AGE_AGGREGATE_TOTAL,VOL_TYPE_TOTAL,2008,2.5,I33:5717,S16:5840
MNG,FOW_TVOL_AGE_VOL_RT,BA:702,AGE_AGGREGATE_Y15-24,VOL_TYPE_TOTAL,2008,0.7,I33:5717,S16:5840
MNG,FOW_TVOL_AGE_VOL_RT,BA:702,AGE_AGGREGATE_Y25-64,VOL_TYPE_TOTAL,2008,4,I33:5717,S16:5840
MNG,FOW_TVOL_AGE_VOL_RT,BA:702,AGE_AGGREGATE_YGE65,VOL_TYPE_TOTAL,2008,2.9,I33:5717,S16:5840
NLD,FOW_TVOL_AGE_VOL_RT,BB:3060,AGE_AGGREGATE_TOTAL,VOL_TYPE_ORG,2015,40.3,,S16:5832_T2:85
NLD,FOW_TVOL_AGE_VOL_RT,BB:3060,AGE_AGGREGATE_TOTAL,VOL_TYPE_DIRECT,2015,82.5,,S16:5832_T2:85
NLD,FOW_TVOL_AGE_VOL_RT,BB:3060,AGE_AGGREGATE_Y15-24,VOL_TYPE_ORG,2015,45.5,,S16:5832_T2:85
NLD,FOW_TVOL_AGE_VOL_RT,BB:3060,AGE_AGGREGATE_Y15-24,VOL_TYPE_DIRECT,2015,90.2,,S16:5832_T2:85
NLD,FOW_TVOL_AGE_VOL_RT,BB:3060,AGE_AGGREGATE_Y25-64,VOL_TYPE_ORG,2015,42.2,,S16:5832_T2:85
NLD,FOW_TVOL_AGE_VOL_RT,BB:3060,AGE_AGGREGATE_Y25-64,VOL_TYPE_DIRECT,2015,86.6,,S16:5832_T2:85
NLD,FOW_TVOL_AGE_VOL_RT,BB:3060,AGE_AGGREGATE_YGE65,VOL_TYPE_ORG,2015,31.3,,S16:5832_T2:85
NLD,FOW_TVOL_AGE_VOL_RT,BB:3060,AGE_AGGREGATE_YGE65,VOL_TYPE_DIRECT,2015,65.3,,S16:5832_T2:85
NOR,FOW_TVOL_AGE_VOL_RT,BB:3054,AGE_AGGREGATE_TOTAL,VOL_TYPE_ORG,2015,48,,S16:5832_T2:85
NOR,FOW_TVOL_AGE_VOL_RT,BB:3054,AGE_AGGREGATE_TOTAL,VOL_TYPE_DIRECT,2015,74.5,,S16:5832_T2:85
NOR,FOW_TVOL_AGE_VOL_RT,BB:3054,AGE_AGGREGATE_Y15-24,VOL_TYPE_ORG,2015,50.9,,S16:5832_T2:85
NOR,FOW_TVOL_AGE_VOL_RT,BB:3054,AGE_AGGREGATE_Y15-24,VOL_TYPE_DIRECT,2015,78,,S16:5832_T2:85
NOR,FOW_TVOL_AGE_VOL_RT,BB:3054,AGE_AGGREGATE_Y25-64,VOL_TYPE_ORG,2015,50.5,,S16:5832_T2:85
NOR,FOW_TVOL_AGE_VOL_RT,BB:3054,AGE_AGGREGATE_Y25-64,VOL_TYPE_DIRECT,2015,80.1,,S16:5832_T2:85
NOR,FOW_TVOL_AGE_VOL_RT,BB:3054,AGE_AGGREGATE_YGE65,VOL_TYPE_ORG,2015,38.3,,S16:5832_T2:85
NOR,FOW_TVOL_AGE_VOL_RT,BB:3054,AGE_AGGREGATE_YGE65,VOL_TYPE_DIRECT,2015,54.8,,S16:5832_T2:85
NZL,FOW_TVOL_AGE_VOL_RT,BA:117,AGE_AGGREGATE_TOTAL,VOL_TYPE_TOTAL,2018,21.5,,S16:5837
NZL,FOW_TVOL_AGE_VOL_RT,BA:117,AGE_AGGREGATE_TOTAL,VOL_TYPE_ORG,2018,12.4,,S16:5837
NZL,FOW_TVOL_AGE_VOL_RT,BA:117,AGE_AGGREGATE_TOTAL,VOL_TYPE_DIRECT,2018,11.8,,S16:5837
NZL,FOW_TVOL_AGE_VOL_RT,BA:117,AGE_AGGREGATE_Y15-24,VOL_TYPE_TOTAL,2018,13.6,,S16:5837
NZL,FOW_TVOL_AGE_VOL_RT,BA:117,AGE_AGGREGATE_Y15-24,VOL_TYPE_ORG,2018,7.9,,S16:5837
NZL,FOW_TVOL_AGE_VOL_RT,BA:117,AGE_AGGREGATE_Y15-24,VOL_TYPE_DIRECT,2018,6.7,,S16:5837
NZL,FOW_TVOL_AGE_VOL_RT,BA:117,AGE_AGGREGATE_Y25-64,VOL_TYPE_TOTAL,2018,20.7,,S16:5837
NZL,FOW_TVOL_AGE_VOL_RT,BA:117,AGE_AGGREGATE_Y25-64,VOL_TYPE_ORG,2018,11.6,,S16:5837
NZL,FOW_TVOL_AGE_VOL_RT,BA:117,AGE_AGGREGATE_Y25-64,VOL_TYPE_DIRECT,2018,11.5,,S16:5837
NZL,FOW_TVOL_AGE_VOL_RT,BA:117,AGE_AGGREGATE_YGE65,VOL_TYPE_TOTAL,2018,31.6,,S16:5837
NZL,FOW_TVOL_AGE_VOL_RT,BA:117,AGE_AGGREGATE_YGE65,VOL_TYPE_ORG,2018,19.1,,S16:5837
NZL,FOW_TVOL_AGE_VOL_RT,BA:117,AGE_AGGREGATE_YGE65,VOL_TYPE_DIRECT,2018,18,,S16:5837
NZL,FOW_TVOL_AGE_VOL_RT,BX:15658,AGE_AGGREGATE_TOTAL,VOL_TYPE_ORG,2016,28.2,,S16:5837
NZL,FOW_TVOL_AGE_VOL_RT,BX:15658,AGE_AGGREGATE_TOTAL,VOL_TYPE_DIRECT,2016,36.4,,S16:5837
NZL,FOW_TVOL_AGE_VOL_RT,BX:15658,AGE_AGGREGATE_Y15-24,VOL_TYPE_ORG,2016,22.2,,S16:5837
NZL,FOW_TVOL_AGE_VOL_RT,BX:15658,AGE_AGGREGATE_Y15-24,VOL_TYPE_DIRECT,2016,28.3,,S16:5837
NZL,FOW_TVOL_AGE_VOL_RT,BX:15658,AGE_AGGREGATE_Y25-64,VOL_TYPE_ORG,2016,28.5,,S16:5837
NZL,FOW_TVOL_AGE_VOL_RT,BX:15658,AGE_AGGREGATE_Y25-64,VOL_TYPE_DIRECT,2016,37.5,,S16:5837
NZL,FOW_TVOL_AGE_VOL_RT,BX:15658,AGE_AGGREGATE_YGE65,VOL_TYPE_ORG,2016,32.8,,S16:5837
NZL,FOW_TVOL_AGE_VOL_RT,BX:15658,AGE_AGGREGATE_YGE65,VOL_TYPE_DIRECT,2016,40.3,,S16:5837
NZL,FOW_TVOL_AGE_VOL_RT,BX:15658,AGE_AGGREGATE_TOTAL,VOL_TYPE_ORG,2012,30.6,,S16:5837
NZL,FOW_TVOL_AGE_VOL_RT,BX:15658,AGE_AGGREGATE_TOTAL,VOL_TYPE_DIRECT,2012,62.2,,S16:5837
NZL,FOW_TVOL_AGE_VOL_RT,BX:15658,AGE_AGGREGATE_Y15-24,VOL_TYPE_ORG,2012,27.8,,S16:5837
NZL,FOW_TVOL_AGE_VOL_RT,BX:15658,AGE_AGGREGATE_Y15-24,VOL_TYPE_DIRECT,2012,62.5,,S16:5837
NZL,FOW_TVOL_AGE_VOL_RT,BX:15658,AGE_AGGREGATE_Y25-64,VOL_TYPE_ORG,2012,30.3,,S16:5837
NZL,FOW_TVOL_AGE_VOL_RT,BX:15658,AGE_AGGREGATE_Y25-64,VOL_TYPE_DIRECT,2012,64.8,,S16:5837
NZL,FOW_TVOL_AGE_VOL_RT,BX:15658,AGE_AGGREGATE_YGE65,VOL_TYPE_ORG,2012,35,,S16:5837
NZL,FOW_TVOL_AGE_VOL_RT,BX:15658,AGE_AGGREGATE_YGE65,VOL_TYPE_DIRECT,2012,51.8,,S16:5837
NZL,FOW_TVOL_AGE_VOL_RT,BX:15658,AGE_AGGREGATE_TOTAL,VOL_TYPE_ORG,2008,32.6,,S16:5837
NZL,FOW_TVOL_AGE_VOL_RT,BX:15658,AGE_AGGREGATE_TOTAL,VOL_TYPE_DIRECT,2008,64.6,,S16:5837
NZL,FOW_TVOL_AGE_VOL_RT,BX:15658,AGE_AGGREGATE_Y15-24,VOL_TYPE_ORG,2008,27,,S16:5837
NZL,FOW_TVOL_AGE_VOL_RT,BX:15658,AGE_AGGREGATE_Y15-24,VOL_TYPE_DIRECT,2008,66.2,,S16:5837
NZL,FOW_TVOL_AGE_VOL_RT,BX:15658,AGE_AGGREGATE_Y25-64,VOL_TYPE_ORG,2008,33.5,,S16:5837
NZL,FOW_TVOL_AGE_VOL_RT,BX:15658,AGE_AGGREGATE_Y25-64,VOL_TYPE_DIRECT,2008,67,,S16:5837
NZL,FOW_TVOL_AGE_VOL_RT,BX:15658,AGE_AGGREGATE_YGE65,VOL_TYPE_ORG,2008,35.6,,S16:5837
NZL,FOW_TVOL_AGE_VOL_RT,BX:15658,AGE_AGGREGATE_YGE65,VOL_TYPE_DIRECT,2008,52.4,,S16:5837
POL,FOW_TVOL_AGE_VOL_RT,BA:432,AGE_AGGREGATE_TOTAL,VOL_TYPE_TOTAL,2016,55.2,,S16:5837
POL,FOW_TVOL_AGE_VOL_RT,BA:432,AGE_AGGREGATE_TOTAL,VOL_TYPE_ORG,2016,8.5,,S16:5837
POL,FOW_TVOL_AGE_VOL_RT,BA:432,AGE_AGGREGATE_TOTAL,VOL_TYPE_DIRECT,2016,52.9,,S16:5837
POL,FOW_TVOL_AGE_VOL_RT,BA:432,AGE_AGGREGATE_Y15-24,VOL_TYPE_TOTAL,2016,60.1,,S16:5837
POL,FOW_TVOL_AGE_VOL_RT,BA:432,AGE_AGGREGATE_Y15-24,VOL_TYPE_ORG,2016,9.5,,S16:5837
POL,FOW_TVOL_AGE_VOL_RT,BA:432,AGE_AGGREGATE_Y15-24,VOL_TYPE_DIRECT,2016,56.5,,S16:5837
POL,FOW_TVOL_AGE_VOL_RT,BA:432,AGE_AGGREGATE_Y25-64,VOL_TYPE_TOTAL,2016,53.8,,S16:5837
POL,FOW_TVOL_AGE_VOL_RT,BA:432,AGE_AGGREGATE_Y25-64,VOL_TYPE_ORG,2016,8.1,,S16:5837
POL,FOW_TVOL_AGE_VOL_RT,BA:432,AGE_AGGREGATE_Y25-64,VOL_TYPE_DIRECT,2016,52,,S16:5837
POL,FOW_TVOL_AGE_VOL_RT,BA:432,AGE_AGGREGATE_YGE65,VOL_TYPE_TOTAL,2016,42.8,,S16:5837
POL,FOW_TVOL_AGE_VOL_RT,BA:432,AGE_AGGREGATE_YGE65,VOL_TYPE_ORG,2016,6.6,,S16:5837
POL,FOW_TVOL_AGE_VOL_RT,BA:432,AGE_AGGREGATE_YGE65,VOL_TYPE_DIRECT,2016,40.9,,S16:5837
POL,FOW_TVOL_AGE_VOL_RT,BA:432,AGE_AGGREGATE_TOTAL,VOL_TYPE_ORG,2010,10.3,,S16:5837
POL,FOW_TVOL_AGE_VOL_RT,BA:432,AGE_AGGREGATE_TOTAL,VOL_TYPE_DIRECT,2010,25.9,,S16:5837
POL,FOW_TVOL_AGE_VOL_RT,BA:432,AGE_AGGREGATE_Y15-24,VOL_TYPE_ORG,2010,13.3,,S16:5837
POL,FOW_TVOL_AGE_VOL_RT,BA:432,AGE_AGGREGATE_Y15-24,VOL_TYPE_DIRECT,2010,22.8,,S16:5837
POL,FOW_TVOL_AGE_VOL_RT,BA:432,AGE_AGGREGATE_Y25-64,VOL_TYPE_ORG,2010,9.5,,S16:5837
POL,FOW_TVOL_AGE_VOL_RT,BA:432,AGE_AGGREGATE_Y25-64,VOL_TYPE_DIRECT,2010,27.5,,S16:5837
POL,FOW_TVOL_AGE_VOL_RT,BA:432,AGE_AGGREGATE_YGE65,VOL_TYPE_ORG,2010,9.1,,S16:5837
POL,FOW_TVOL_AGE_VOL_RT,BA:432,AGE_AGGREGATE_YGE65,VOL_TYPE_DIRECT,2010,16.9,,S16:5837
POL,FOW_TVOL_AGE_VOL_RT,BB:13355,AGE_AGGREGATE_TOTAL,VOL_TYPE_ORG,2015,13.8,,S16:5832_T2:85
POL,FOW_TVOL_AGE_VOL_RT,BB:13355,AGE_AGGREGATE_TOTAL,VOL_TYPE_DIRECT,2015,50.6,,S16:5832_T2:85
POL,FOW_TVOL_AGE_VOL_RT,BB:13355,AGE_AGGREGATE_Y15-24,VOL_TYPE_ORG,2015,14.8,,S16:5832_T2:85
POL,FOW_TVOL_AGE_VOL_RT,BB:13355,AGE_AGGREGATE_Y15-24,VOL_TYPE_DIRECT,2015,50.5,,S16:5832_T2:85
POL,FOW_TVOL_AGE_VOL_RT,BB:13355,AGE_AGGREGATE_Y25-64,VOL_TYPE_ORG,2015,15,,S16:5832_T2:85
POL,FOW_TVOL_AGE_VOL_RT,BB:13355,AGE_AGGREGATE_Y25-64,VOL_TYPE_DIRECT,2015,55.1,,S16:5832_T2:85
POL,FOW_TVOL_AGE_VOL_RT,BB:13355,AGE_AGGREGATE_YGE65,VOL_TYPE_ORG,2015,8.7,,S16:5832_T2:85
POL,FOW_TVOL_AGE_VOL_RT,BB:13355,AGE_AGGREGATE_YGE65,VOL_TYPE_DIRECT,2015,34,,S16:5832_T2:85
PRT,FOW_TVOL_AGE_VOL_RT,BA:199,AGE_AGGREGATE_TOTAL,VOL_TYPE_TOTAL,2018,7.8,,S16:5837
PRT,FOW_TVOL_AGE_VOL_RT,BA:199,AGE_AGGREGATE_TOTAL,VOL_TYPE_ORG,2018,6.4,,S16:5837
PRT,FOW_TVOL_AGE_VOL_RT,BA:199,AGE_AGGREGATE_TOTAL,VOL_TYPE_DIRECT,2018,1.5,,S16:5837
PRT,FOW_TVOL_AGE_VOL_RT,BA:199,AGE_AGGREGATE_Y15-24,VOL_TYPE_TOTAL,2018,11.3,,S16:5837
PRT,FOW_TVOL_AGE_VOL_RT,BA:199,AGE_AGGREGATE_Y15-24,VOL_TYPE_ORG,2018,10.6,,S16:5837
PRT,FOW_TVOL_AGE_VOL_RT,BA:199,AGE_AGGREGATE_Y15-24,VOL_TYPE_DIRECT,2018,0.8,,S16:5837
PRT,FOW_TVOL_AGE_VOL_RT,BA:199,AGE_AGGREGATE_Y25-64,VOL_TYPE_TOTAL,2018,8.5,,S16:5837
PRT,FOW_TVOL_AGE_VOL_RT,BA:199,AGE_AGGREGATE_Y25-64,VOL_TYPE_ORG,2018,6.9,,S16:5837
PRT,FOW_TVOL_AGE_VOL_RT,BA:199,AGE_AGGREGATE_Y25-64,VOL_TYPE_DIRECT,2018,1.8,,S16:5837
PRT,FOW_TVOL_AGE_VOL_RT,BA:199,AGE_AGGREGATE_YGE65,VOL_TYPE_TOTAL,2018,4.6,,S16:5837
PRT,FOW_TVOL_AGE_VOL_RT,BA:199,AGE_AGGREGATE_YGE65,VOL_TYPE_ORG,2018,3.3,,S16:5837
PRT,FOW_TVOL_AGE_VOL_RT,BA:199,AGE_AGGREGATE_YGE65,VOL_TYPE_DIRECT,2018,1.4,,S16:5837
PRT,FOW_TVOL_AGE_VOL_RT,BA:199,AGE_AGGREGATE_TOTAL,VOL_TYPE_TOTAL,2012,11.5,,S16:5837
PRT,FOW_TVOL_AGE_VOL_RT,BA:199,AGE_AGGREGATE_TOTAL,VOL_TYPE_ORG,2012,5.9,,S16:5837
PRT,FOW_TVOL_AGE_VOL_RT,BA:199,AGE_AGGREGATE_TOTAL,VOL_TYPE_DIRECT,2012,5.8,,S16:5837
PRT,FOW_TVOL_AGE_VOL_RT,BA:199,AGE_AGGREGATE_Y15-24,VOL_TYPE_TOTAL,2012,11.6,,S16:5837
PRT,FOW_TVOL_AGE_VOL_RT,BA:199,AGE_AGGREGATE_Y15-24,VOL_TYPE_ORG,2012,8.3,,S16:5837
PRT,FOW_TVOL_AGE_VOL_RT,BA:199,AGE_AGGREGATE_Y15-24,VOL_TYPE_DIRECT,2012,3.4,,S16:5837
PRT,FOW_TVOL_AGE_VOL_RT,BA:199,AGE_AGGREGATE_Y25-64,VOL_TYPE_TOTAL,2012,12.9,,S16:5837
PRT,FOW_TVOL_AGE_VOL_RT,BA:199,AGE_AGGREGATE_Y25-64,VOL_TYPE_ORG,2012,6.6,,S16:5837
PRT,FOW_TVOL_AGE_VOL_RT,BA:199,AGE_AGGREGATE_Y25-64,VOL_TYPE_DIRECT,2012,6.6,,S16:5837
PRT,FOW_TVOL_AGE_VOL_RT,BA:199,AGE_AGGREGATE_YGE65,VOL_TYPE_TOTAL,2012,7.3,,S16:5837
PRT,FOW_TVOL_AGE_VOL_RT,BA:199,AGE_AGGREGATE_YGE65,VOL_TYPE_ORG,2012,2.7,,S16:5837
PRT,FOW_TVOL_AGE_VOL_RT,BA:199,AGE_AGGREGATE_YGE65,VOL_TYPE_DIRECT,2012,4.8,,S16:5837
PRT,FOW_TVOL_AGE_VOL_RT,BB:201,AGE_AGGREGATE_TOTAL,VOL_TYPE_ORG,2015,9,,S16:5832_T2:85
PRT,FOW_TVOL_AGE_VOL_RT,BB:201,AGE_AGGREGATE_TOTAL,VOL_TYPE_DIRECT,2015,20.5,,S16:5832_T2:85
PRT,FOW_TVOL_AGE_VOL_RT,BB:201,AGE_AGGREGATE_Y15-24,VOL_TYPE_ORG,2015,14.4,,S16:5832_T2:85
PRT,FOW_TVOL_AGE_VOL_RT,BB:201,AGE_AGGREGATE_Y15-24,VOL_TYPE_DIRECT,2015,20.4,,S16:5832_T2:85
PRT,FOW_TVOL_AGE_VOL_RT,BB:201,AGE_AGGREGATE_Y25-64,VOL_TYPE_ORG,2015,9.6,,S16:5832_T2:85
PRT,FOW_TVOL_AGE_VOL_RT,BB:201,AGE_AGGREGATE_Y25-64,VOL_TYPE_DIRECT,2015,23,,S16:5832_T2:85
PRT,FOW_TVOL_AGE_VOL_RT,BB:201,AGE_AGGREGATE_YGE65,VOL_TYPE_ORG,2015,5.2,,S16:5832_T2:85
PRT,FOW_TVOL_AGE_VOL_RT,BB:201,AGE_AGGREGATE_YGE65,VOL_TYPE_DIRECT,2015,13.9,,S16:5832_T2:85
ROU,FOW_TVOL_AGE_VOL_RT,BB:439,AGE_AGGREGATE_TOTAL,VOL_TYPE_ORG,2015,3.2,,S16:5832_T2:85
ROU,FOW_TVOL_AGE_VOL_RT,BB:439,AGE_AGGREGATE_TOTAL,VOL_TYPE_DIRECT,2015,3.2,,S16:5832_T2:85
ROU,FOW_TVOL_AGE_VOL_RT,BB:439,AGE_AGGREGATE_Y15-24,VOL_TYPE_ORG,2015,8.3,,S16:5832_T2:85
ROU,FOW_TVOL_AGE_VOL_RT,BB:439,AGE_AGGREGATE_Y15-24,VOL_TYPE_DIRECT,2015,7.4,,S16:5832_T2:85
ROU,FOW_TVOL_AGE_VOL_RT,BB:439,AGE_AGGREGATE_Y25-64,VOL_TYPE_ORG,2015,2.9,,S16:5832_T2:85
ROU,FOW_TVOL_AGE_VOL_RT,BB:439,AGE_AGGREGATE_Y25-64,VOL_TYPE_DIRECT,2015,3.1,,S16:5832_T2:85
ROU,FOW_TVOL_AGE_VOL_RT,BB:439,AGE_AGGREGATE_YGE65,VOL_TYPE_ORG,2015,1.3,,S16:5832_T2:85
ROU,FOW_TVOL_AGE_VOL_RT,BB:439,AGE_AGGREGATE_YGE65,VOL_TYPE_DIRECT,2015,1.2,,S16:5832_T2:85
SGP,FOW_TVOL_AGE_VOL_RT,BX:15660,AGE_AGGREGATE_TOTAL,VOL_TYPE_TOTAL,2018,29,,S16:5832
SGP,FOW_TVOL_AGE_VOL_RT,BX:15660,AGE_AGGREGATE_Y15-24,VOL_TYPE_TOTAL,2018,40,,S16:5832
SGP,FOW_TVOL_AGE_VOL_RT,BX:15660,AGE_AGGREGATE_Y25-64,VOL_TYPE_TOTAL,2018,30,,S16:5832
SGP,FOW_TVOL_AGE_VOL_RT,BX:15660,AGE_AGGREGATE_YGE65,VOL_TYPE_TOTAL,2018,15,,S16:5832
SGP,FOW_TVOL_AGE_VOL_RT,BX:15660,AGE_AGGREGATE_TOTAL,VOL_TYPE_TOTAL,2016,35,,S16:5832
SGP,FOW_TVOL_AGE_VOL_RT,BX:15660,AGE_AGGREGATE_Y15-24,VOL_TYPE_TOTAL,2016,41,,S16:5832
SGP,FOW_TVOL_AGE_VOL_RT,BX:15660,AGE_AGGREGATE_Y25-64,VOL_TYPE_TOTAL,2016,37,,S16:5832
SGP,FOW_TVOL_AGE_VOL_RT,BX:15660,AGE_AGGREGATE_YGE65,VOL_TYPE_TOTAL,2016,19,,S16:5832
SGP,FOW_TVOL_AGE_VOL_RT,BX:15660,AGE_AGGREGATE_TOTAL,VOL_TYPE_TOTAL,2014,17.8,,S16:5832
SGP,FOW_TVOL_AGE_VOL_RT,BX:15660,AGE_AGGREGATE_Y15-24,VOL_TYPE_TOTAL,2014,25,,S16:5832
SGP,FOW_TVOL_AGE_VOL_RT,BX:15660,AGE_AGGREGATE_Y25-64,VOL_TYPE_TOTAL,2014,17.9,,S16:5832
SGP,FOW_TVOL_AGE_VOL_RT,BX:15660,AGE_AGGREGATE_YGE65,VOL_TYPE_TOTAL,2014,9,,S16:5832
SGP,FOW_TVOL_AGE_VOL_RT,BX:15660,AGE_AGGREGATE_TOTAL,VOL_TYPE_TOTAL,2012,32.3,,S16:5832
SGP,FOW_TVOL_AGE_VOL_RT,BX:15660,AGE_AGGREGATE_Y15-24,VOL_TYPE_TOTAL,2012,43,,S16:5832
SGP,FOW_TVOL_AGE_VOL_RT,BX:15660,AGE_AGGREGATE_Y25-64,VOL_TYPE_TOTAL,2012,32.4,,S16:5832
SGP,FOW_TVOL_AGE_VOL_RT,BX:15660,AGE_AGGREGATE_YGE65,VOL_TYPE_TOTAL,2012,17,,S16:5832
SLE,FOW_TVOL_AGE_VOL_RT,BA:1629,AGE_AGGREGATE_TOTAL,VOL_TYPE_TOTAL,2014,20.5,I33:5717,S16:5840
SLE,FOW_TVOL_AGE_VOL_RT,BA:1629,AGE_AGGREGATE_Y15-24,VOL_TYPE_TOTAL,2014,17.4,I33:5717,S16:5840
SLE,FOW_TVOL_AGE_VOL_RT,BA:1629,AGE_AGGREGATE_Y25-64,VOL_TYPE_TOTAL,2014,22.3,I33:5717,S16:5840
SLE,FOW_TVOL_AGE_VOL_RT,BA:1629,AGE_AGGREGATE_YGE65,VOL_TYPE_TOTAL,2014,20.6,I33:5717,S16:5840
SRB,FOW_TVOL_AGE_VOL_RT,BB:6644,AGE_AGGREGATE_TOTAL,VOL_TYPE_ORG,2015,5.2,,S16:5832_T2:85
SRB,FOW_TVOL_AGE_VOL_RT,BB:6644,AGE_AGGREGATE_TOTAL,VOL_TYPE_DIRECT,2015,12.4,,S16:5832_T2:85
SRB,FOW_TVOL_AGE_VOL_RT,BB:6644,AGE_AGGREGATE_Y15-24,VOL_TYPE_ORG,2015,12.5,,S16:5832_T2:85
SRB,FOW_TVOL_AGE_VOL_RT,BB:6644,AGE_AGGREGATE_Y15-24,VOL_TYPE_DIRECT,2015,18.5,,S16:5832_T2:85
SRB,FOW_TVOL_AGE_VOL_RT,BB:6644,AGE_AGGREGATE_Y25-64,VOL_TYPE_ORG,2015,5.1,,S16:5832_T2:85
SRB,FOW_TVOL_AGE_VOL_RT,BB:6644,AGE_AGGREGATE_Y25-64,VOL_TYPE_DIRECT,2015,13.4,,S16:5832_T2:85
SRB,FOW_TVOL_AGE_VOL_RT,BB:6644,AGE_AGGREGATE_YGE65,VOL_TYPE_ORG,2015,1.6,,S16:5832_T2:85
SRB,FOW_TVOL_AGE_VOL_RT,BB:6644,AGE_AGGREGATE_YGE65,VOL_TYPE_DIRECT,2015,6.1,,S16:5832_T2:85
SVK,FOW_TVOL_AGE_VOL_RT,BB:560,AGE_AGGREGATE_TOTAL,VOL_TYPE_ORG,2015,8.3,,S16:5832_T2:85
SVK,FOW_TVOL_AGE_VOL_RT,BB:560,AGE_AGGREGATE_TOTAL,VOL_TYPE_DIRECT,2015,18.8,,S16:5832_T2:85
SVK,FOW_TVOL_AGE_VOL_RT,BB:560,AGE_AGGREGATE_Y15-24,VOL_TYPE_ORG,2015,7.9,,S16:5832_T2:85
SVK,FOW_TVOL_AGE_VOL_RT,BB:560,AGE_AGGREGATE_Y15-24,VOL_TYPE_DIRECT,2015,19,,S16:5832_T2:85
SVK,FOW_TVOL_AGE_VOL_RT,BB:560,AGE_AGGREGATE_Y25-64,VOL_TYPE_ORG,2015,8.7,,S16:5832_T2:85
SVK,FOW_TVOL_AGE_VOL_RT,BB:560,AGE_AGGREGATE_Y25-64,VOL_TYPE_DIRECT,2015,19.8,,S16:5832_T2:85
SVK,FOW_TVOL_AGE_VOL_RT,BB:560,AGE_AGGREGATE_YGE65,VOL_TYPE_ORG,2015,6.7,,S16:5832_T2:85
SVK,FOW_TVOL_AGE_VOL_RT,BB:560,AGE_AGGREGATE_YGE65,VOL_TYPE_DIRECT,2015,14.4,,S16:5832_T2:85
SVN,FOW_TVOL_AGE_VOL_RT,BB:445,AGE_AGGREGATE_TOTAL,VOL_TYPE_ORG,2015,30.4,,S16:5832_T2:85
SVN,FOW_TVOL_AGE_VOL_RT,BB:445,AGE_AGGREGATE_TOTAL,VOL_TYPE_DIRECT,2015,54.6,,S16:5832_T2:85
SVN,FOW_TVOL_AGE_VOL_RT,BB:445,AGE_AGGREGATE_Y15-24,VOL_TYPE_ORG,2015,38.1,,S16:5832_T2:85
SVN,FOW_TVOL_AGE_VOL_RT,BB:445,AGE_AGGREGATE_Y15-24,VOL_TYPE_DIRECT,2015,56.6,,S16:5832_T2:85
SVN,FOW_TVOL_AGE_VOL_RT,BB:445,AGE_AGGREGATE_Y25-64,VOL_TYPE_ORG,2015,31.1,,S16:5832_T2:85
SVN,FOW_TVOL_AGE_VOL_RT,BB:445,AGE_AGGREGATE_Y25-64,VOL_TYPE_DIRECT,2015,57.7,,S16:5832_T2:85
SVN,FOW_TVOL_AGE_VOL_RT,BB:445,AGE_AGGREGATE_YGE65,VOL_TYPE_ORG,2015,23.8,,S16:5832_T2:85
SVN,FOW_TVOL_AGE_VOL_RT,BB:445,AGE_AGGREGATE_YGE65,VOL_TYPE_DIRECT,2015,42.7,,S16:5832_T2:85
SWE,FOW_TVOL_AGE_VOL_RT,BB:3063,AGE_AGGREGATE_TOTAL,VOL_TYPE_ORG,2015,35.5,,S16:5832_T2:85
SWE,FOW_TVOL_AGE_VOL_RT,BB:3063,AGE_AGGREGATE_TOTAL,VOL_TYPE_DIRECT,2015,70.4,,S16:5832_T2:85
SWE,FOW_TVOL_AGE_VOL_RT,BB:3063,AGE_AGGREGATE_Y15-24,VOL_TYPE_ORG,2015,34.4,,S16:5832_T2:85
SWE,FOW_TVOL_AGE_VOL_RT,BB:3063,AGE_AGGREGATE_Y15-24,VOL_TYPE_DIRECT,2015,71.8,,S16:5832_T2:85
SWE,FOW_TVOL_AGE_VOL_RT,BB:3063,AGE_AGGREGATE_Y25-64,VOL_TYPE_ORG,2015,36.8,,S16:5832_T2:85
SWE,FOW_TVOL_AGE_VOL_RT,BB:3063,AGE_AGGREGATE_Y25-64,VOL_TYPE_DIRECT,2015,73.8,,S16:5832_T2:85
SWE,FOW_TVOL_AGE_VOL_RT,BB:3063,AGE_AGGREGATE_YGE65,VOL_TYPE_ORG,2015,32.4,,S16:5832_T2:85
SWE,FOW_TVOL_AGE_VOL_RT,BB:3063,AGE_AGGREGATE_YGE65,VOL_TYPE_DIRECT,2015,60.6,,S16:5832_T2:85
UKR,FOW_TVOL_AGE_VOL_RT,BA:475,AGE_AGGREGATE_TOTAL,VOL_TYPE_TOTAL,2021,7.1,,S16:5837
UKR,FOW_TVOL_AGE_VOL_RT,BA:475,AGE_AGGREGATE_TOTAL,VOL_TYPE_ORG,2021,0.7,,S16:5837
UKR,FOW_TVOL_AGE_VOL_RT,BA:475,AGE_AGGREGATE_TOTAL,VOL_TYPE_DIRECT,2021,6.4,,S16:5837
UKR,FOW_TVOL_AGE_VOL_RT,BA:475,AGE_AGGREGATE_Y15-24,VOL_TYPE_TOTAL,2021,4,,S16:5837
UKR,FOW_TVOL_AGE_VOL_RT,BA:475,AGE_AGGREGATE_Y15-24,VOL_TYPE_ORG,2021,0.5,,S16:5837
UKR,FOW_TVOL_AGE_VOL_RT,BA:475,AGE_AGGREGATE_Y15-24,VOL_TYPE_DIRECT,2021,3.5,,S16:5837
UKR,FOW_TVOL_AGE_VOL_RT,BA:475,AGE_AGGREGATE_Y25-64,VOL_TYPE_TOTAL,2021,8.5,,S16:5837
UKR,FOW_TVOL_AGE_VOL_RT,BA:475,AGE_AGGREGATE_Y25-64,VOL_TYPE_ORG,2021,0.8,,S16:5837
UKR,FOW_TVOL_AGE_VOL_RT,BA:475,AGE_AGGREGATE_Y25-64,VOL_TYPE_DIRECT,2021,7.7,,S16:5837
UKR,FOW_TVOL_AGE_VOL_RT,BA:475,AGE_AGGREGATE_YGE65,VOL_TYPE_TOTAL,2021,4.2,,S16:5837
UKR,FOW_TVOL_AGE_VOL_RT,BA:475,AGE_AGGREGATE_YGE65,VOL_TYPE_ORG,2021,0.5,,S16:5837
UKR,FOW_TVOL_AGE_VOL_RT,BA:475,AGE_AGGREGATE_YGE65,VOL_TYPE_DIRECT,2021,3.7,,S16:5837
USA,FOW_TVOL_AGE_VOL_RT,BA:453,AGE_AGGREGATE_TOTAL,VOL_TYPE_ORG,2019,30,I33:5717,S16:5832_T2:85
USA,FOW_TVOL_AGE_VOL_RT,BA:453,AGE_AGGREGATE_Y15-24,VOL_TYPE_ORG,2019,26.8,I33:5717,S16:5832_T2:85
USA,FOW_TVOL_AGE_VOL_RT,BA:453,AGE_AGGREGATE_Y25-64,VOL_TYPE_ORG,2019,31.2,I33:5717,S16:5832_T2:85
USA,FOW_TVOL_AGE_VOL_RT,BA:453,AGE_AGGREGATE_YGE65,VOL_TYPE_ORG,2019,28.5,I33:5717,S16:5832_T2:85
USA,FOW_TVOL_AGE_VOL_RT,BA:453,AGE_AGGREGATE_TOTAL,VOL_TYPE_ORG,2017,30.3,I33:5717,S16:5832_T2:85
USA,FOW_TVOL_AGE_VOL_RT,BA:453,AGE_AGGREGATE_Y15-24,VOL_TYPE_ORG,2017,25.2,I33:5717,S16:5832_T2:85
USA,FOW_TVOL_AGE_VOL_RT,BA:453,AGE_AGGREGATE_Y25-64,VOL_TYPE_ORG,2017,32.1,I33:5717,S16:5832_T2:85
USA,FOW_TVOL_AGE_VOL_RT,BA:453,AGE_AGGREGATE_YGE65,VOL_TYPE_ORG,2017,28,I33:5717,S16:5832_T2:85
USA,FOW_TVOL_AGE_VOL_RT,BA:453,AGE_AGGREGATE_TOTAL,VOL_TYPE_ORG,2015,24.9,,S16:5832_T2:85
USA,FOW_TVOL_AGE_VOL_RT,BA:453,AGE_AGGREGATE_Y15-24,VOL_TYPE_ORG,2015,21.8,,S16:5832_T2:85
USA,FOW_TVOL_AGE_VOL_RT,BA:453,AGE_AGGREGATE_Y25-64,VOL_TYPE_ORG,2015,26,,S16:5832_T2:85
USA,FOW_TVOL_AGE_VOL_RT,BA:453,AGE_AGGREGATE_YGE65,VOL_TYPE_ORG,2015,23.5,,S16:5832_T2:85
USA,FOW_TVOL_AGE_VOL_RT,BA:453,AGE_AGGREGATE_TOTAL,VOL_TYPE_ORG,2014,25.3,,S16:5832_T2:85
USA,FOW_TVOL_AGE_VOL_RT,BA:453,AGE_AGGREGATE_Y15-24,VOL_TYPE_ORG,2014,21.9,,S16:5832_T2:85
USA,FOW_TVOL_AGE_VOL_RT,BA:453,AGE_AGGREGATE_Y25-64,VOL_TYPE_ORG,2014,26.5,,S16:5832_T2:85
USA,FOW_TVOL_AGE_VOL_RT,BA:453,AGE_AGGREGATE_YGE65,VOL_TYPE_ORG,2014,23.6,,S16:5832_T2:85
USA,FOW_TVOL_AGE_VOL_RT,BA:453,AGE_AGGREGATE_TOTAL,VOL_TYPE_ORG,2013,25.4,,S16:5832_T2:85
USA,FOW_TVOL_AGE_VOL_RT,BA:453,AGE_AGGREGATE_Y15-24,VOL_TYPE_ORG,2013,21.8,,S16:5832_T2:85
USA,FOW_TVOL_AGE_VOL_RT,BA:453,AGE_AGGREGATE_Y25-64,VOL_TYPE_ORG,2013,26.6,,S16:5832_T2:85
USA,FOW_TVOL_AGE_VOL_RT,BA:453,AGE_AGGREGATE_YGE65,VOL_TYPE_ORG,2013,24.1,,S16:5832_T2:85
ZAF,FOW_TVOL_AGE_VOL_RT,BA:595,AGE_AGGREGATE_TOTAL,VOL_TYPE_TOTAL,2018,6.7,,S16:5837
ZAF,FOW_TVOL_AGE_VOL_RT,BA:595,AGE_AGGREGATE_TOTAL,VOL_TYPE_ORG,2018,1.6,,S16:5837
ZAF,FOW_TVOL_AGE_VOL_RT,BA:595,AGE_AGGREGATE_TOTAL,VOL_TYPE_DIRECT,2018,5.4,,S16:5837
ZAF,FOW_TVOL_AGE_VOL_RT,BA:595,AGE_AGGREGATE_Y15-24,VOL_TYPE_TOTAL,2018,3.1,,S16:5837
ZAF,FOW_TVOL_AGE_VOL_RT,BA:595,AGE_AGGREGATE_Y15-24,VOL_TYPE_ORG,2018,0.6,,S16:5837
ZAF,FOW_TVOL_AGE_VOL_RT,BA:595,AGE_AGGREGATE_Y15-24,VOL_TYPE_DIRECT,2018,2.6,,S16:5837
ZAF,FOW_TVOL_AGE_VOL_RT,BA:595,AGE_AGGREGATE_Y25-64,VOL_TYPE_TOTAL,2018,8.1,,S16:5837
ZAF,FOW_TVOL_AGE_VOL_RT,BA:595,AGE_AGGREGATE_Y25-64,VOL_TYPE_ORG,2018,1.9,,S16:5837
ZAF,FOW_TVOL_AGE_VOL_RT,BA:595,AGE_AGGREGATE_Y25-64,VOL_TYPE_DIRECT,2018,6.6,,S16:5837
ZAF,FOW_TVOL_AGE_VOL_RT,BA:595,AGE_AGGREGATE_YGE65,VOL_TYPE_TOTAL,2018,5.7,,S16:5837
ZAF,FOW_TVOL_AGE_VOL_RT,BA:595,AGE_AGGREGATE_YGE65,VOL_TYPE_ORG,2018,2.3,,S16:5837
ZAF,FOW_TVOL_AGE_VOL_RT,BA:595,AGE_AGGREGATE_YGE65,VOL_TYPE_DIRECT,2018,4.1,,S16:5837
ZAF,FOW_TVOL_AGE_VOL_RT,BA:595,AGE_AGGREGATE_TOTAL,VOL_TYPE_TOTAL,2014,5.8,,S16:5837
ZAF,FOW_TVOL_AGE_VOL_RT,BA:595,AGE_AGGREGATE_TOTAL,VOL_TYPE_ORG,2014,2,,S16:5837
ZAF,FOW_TVOL_AGE_VOL_RT,BA:595,AGE_AGGREGATE_TOTAL,VOL_TYPE_DIRECT,2014,4.2,,S16:5837
ZAF,FOW_TVOL_AGE_VOL_RT,BA:595,AGE_AGGREGATE_Y15-24,VOL_TYPE_TOTAL,2014,2.6,,S16:5837
ZAF,FOW_TVOL_AGE_VOL_RT,BA:595,AGE_AGGREGATE_Y15-24,VOL_TYPE_ORG,2014,1,,S16:5837
ZAF,FOW_TVOL_AGE_VOL_RT,BA:595,AGE_AGGREGATE_Y15-24,VOL_TYPE_DIRECT,2014,1.8,,S16:5837
ZAF,FOW_TVOL_AGE_VOL_RT,BA:595,AGE_AGGREGATE_Y25-64,VOL_TYPE_TOTAL,2014,7.1,,S16:5837
ZAF,FOW_TVOL_AGE_VOL_RT,BA:595,AGE_AGGREGATE_Y25-64,VOL_TYPE_ORG,2014,2.3,,S16:5837
ZAF,FOW_TVOL_AGE_VOL_RT,BA:595,AGE_AGGREGATE_Y25-64,VOL_TYPE_DIRECT,2014,5.2,,S16:5837
ZAF,FOW_TVOL_AGE_VOL_RT,BA:595,AGE_AGGREGATE_YGE65,VOL_TYPE_TOTAL,2014,5.6,,S16:5837
ZAF,FOW_TVOL_AGE_VOL_RT,BA:595,AGE_AGGREGATE_YGE65,VOL_TYPE_ORG,2014,2.5,,S16:5837
ZAF,FOW_TVOL_AGE_VOL_RT,BA:595,AGE_AGGREGATE_YGE65,VOL_TYPE_DIRECT,2014,3.4,,S16:5837
ZAF,FOW_TVOL_AGE_VOL_RT,BA:595,AGE_AGGREGATE_TOTAL,VOL_TYPE_TOTAL,2010,3.5,,S16:5837
ZAF,FOW_TVOL_AGE_VOL_RT,BA:595,AGE_AGGREGATE_TOTAL,VOL_TYPE_ORG,2010,1.6,,S16:5837
ZAF,FOW_TVOL_AGE_VOL_RT,BA:595,AGE_AGGREGATE_TOTAL,VOL_TYPE_DIRECT,2010,2.2,,S16:5837
ZAF,FOW_TVOL_AGE_VOL_RT,BA:595,AGE_AGGREGATE_Y15-24,VOL_TYPE_TOTAL,2010,1.2,,S16:5837
ZAF,FOW_TVOL_AGE_VOL_RT,BA:595,AGE_AGGREGATE_Y15-24,VOL_TYPE_ORG,2010,0.5,,S16:5837
ZAF,FOW_TVOL_AGE_VOL_RT,BA:595,AGE_AGGREGATE_Y15-24,VOL_TYPE_DIRECT,2010,0.7,,S16:5837
ZAF,FOW_TVOL_AGE_VOL_RT,BA:595,AGE_AGGREGATE_Y25-64,VOL_TYPE_TOTAL,2010,4.5,,S16:5837
ZAF,FOW_TVOL_AGE_VOL_RT,BA:595,AGE_AGGREGATE_Y25-64,VOL_TYPE_ORG,2010,2.1,,S16:5837
ZAF,FOW_TVOL_AGE_VOL_RT,BA:595,AGE_AGGREGATE_Y25-64,VOL_TYPE_DIRECT,2010,2.9,,S16:5837
ZAF,FOW_TVOL_AGE_VOL_RT,BA:595,AGE_AGGREGATE_YGE65,VOL_TYPE_TOTAL,2010,3.3,,S16:5837
ZAF,FOW_TVOL_AGE_VOL_RT,BA:595,AGE_AGGREGATE_YGE65,VOL_TYPE_ORG,2010,1.7,,S16:5837
ZAF,FOW_TVOL_AGE_VOL_RT,BA:595,AGE_AGGREGATE_YGE65,VOL_TYPE_DIRECT,2010,1.9,,S16:5837
